-0.00000000000000000000,-0.72083556565258489000,-1.59591319675552180000,-2.11919541683955570000,-2.14729107846457490000,-1.69275352938035530000,-0.82853521245193951000,0.35461982820679661000,1.76668653780636920000,3.32602231496491730000,4.96211191679076700000,6.61605720281040370000,8.24003519625701130000,9.79630427149814410000,11.25604215322531800000,12.59815805133675500000,13.80815100943823900000,14.87705021349667700000,15.80045349487178700000,16.57766942792146400000,17.21096225086144900000,17.70489528017433000000,18.06576646173767400000,18.30112861365607900000,18.41938642819948100000,18.42946221001312400000,18.34052250557162000000,18.16175813749041600000,17.90221063484033000000,17.57063860133133900000,17.17541815268992900000,16.72447215665425800000,16.22522360419716500000,15.68456901457660600000,15.10886831963847700000,14.50394817801097200000,13.87511613383329700000,13.22718345611928800000,12.56449487419694900000,11.89096376365761600000,11.21011163865425800000,10.52511107368107800000,9.83883141511578250000,9.15388685411653750000,8.47268662246033340000,7.79748724623098610000,7.13044695357175940000,6.47368248649375740000,5.82932871688812600000,5.19960161586532270000,4.58686527229940830000,3.99370379202391850000,3.42299900666855580000,2.87801491330998480000,2.36248949234135970000,1.88073363040864150000,1.43773439102500840000,1.03925356430340620000,0.69189654763505148000,0.40308624980319274000,0.18077262118554130000,0.03243769480153406400,-0.03774184017936047700,-0.03643432762730251800,-0.00000000000000000000
-0.72083556565258489000,-0.26323763033298470000,-0.24424183047166714000,-0.26763606339806917000,-0.13693501483713516000,0.22253635703267388000,0.81748106196087789000,1.62016015962831130000,2.58783275817255910000,3.67352619921998610000,4.83176479478563440000,6.02143324343614950000,7.20702435684238020000,8.35898092408923250000,9.45353705012774450000,10.47229322914659700000,11.40166226449388800000,12.23226697888472000000,12.95833749645567100000,13.57713587707448300000,14.08842357985921700000,14.49397954055448800000,14.79717178684019700000,15.00258243838242900000,15.11568401213294200000,15.14256378687367300000,15.08969232557634400000,14.96373194700044500000,14.77138086932032100000,14.51924884234743000000,14.21376028703720400000,13.86108123233200500000,13.46706665138800800000,13.03722513088917600000,12.57669814318721000000,12.09025152048448800000,11.58227704560494000000,11.05680237007164000000,10.51750774421392100000,9.96774829434920480000,9.41058080831149190000,8.84879419306367690000,8.28494294759684640000,7.72138315165811220000,7.16031060667792470000,6.60380087948171020000,6.05385109043952600000,5.51242335155397090000,4.98148978806861020000,4.46307905309569360000,3.95932413808236830000,3.47251103669529340000,3.00512733246785580000,2.55990885759316900000,2.13988084215771850000,1.74838672151216930000,1.38909157174521320000,1.06593514837472810000,0.78298600909984239000,0.54410214699678294000,0.35221548302699762000,0.20790275889950344000,0.10669922813904194000,0.03465414837006863800,-0.03643432762730251800
-1.81390432651112700000,-0.11036685024532547000,0.71595179816191035000,1.14417869487805830000,1.44572931360699890000,1.76481935977137460000,2.16869945253166300000,2.67923618829834310000,3.29266965935363220000,3.99181333632659370000,4.75346608111644550000,5.55282208476940120000,6.36601083925473970000,7.17147675985617110000,7.95064169666646950000,8.68812785918155940000,9.37171591024993060000,9.99214899076555700000,10.54285323731149400000,11.01961981695833300000,11.42027707772659500000,11.74437071815210100000,11.99286283824820900000,12.16785605834919800000,12.27234577239472200000,12.31000152256219400000,12.28497710915838000000,12.20174816370585400000,12.06497536683536300000,11.87939118503157100000,11.64970786098534100000,11.38054437106090900000,11.07637012379547600000,10.74146328867557900000,10.37988179485866200000,9.99544521027899440000,9.59172589172718660000,9.17204797791695730000,8.73949297431190790000,8.29691084626143650000,7.84693569263532620000,7.39200521325448800000,6.93438330794897340000,6.47618525090443950000,6.01940496832549870000,5.56594400621466880000,5.11764180163155300000,4.67630685435711070000,4.24374831865607850000,3.82180736737865830000,3.41238737398174940000,3.01748142994360840000,2.63919482607252130000,2.27975863760362250000,1.94152805245754020000,1.62695485536851200000,1.33851629885159280000,1.07857039586786940000,0.84908723247038276000,0.65117296779465772000,0.48425492643461138000,0.34474124608588536000,0.22395612590821906000,0.10532437433959597000,-0.03868717358831735100
-2.72340997540902530000,-0.08565146801438983100,1.39667675635746110000,2.21359613410882350000,2.68036790039232460000,2.99059557698319090000,3.25724298088376680000,3.54120964903074190000,3.87055438962919360000,4.25321702803783270000,4.68534297143071840000,5.15667240518097180000,5.65398372009733840000,6.16325206987405760000,6.67096142838376680000,7.16486031316626890000,7.63435349404171500000,8.07065759001572760000,8.46680598803958690000,8.81756038664351390000,9.11926750675943330000,9.36968689624630000000,9.56780719403285220000,9.71366235780255670000,9.80815531126356890000,9.85289365292315190000,9.85004010400316870000,9.80217900213091300000,9.71219919615739260000,9.58319304678178700000,9.41837080450649110000,9.22098936181113690000,8.99429421764466670000,8.74147341797467090000,8.46562222269120210000,8.16971727879562340000,7.85659913881535310000,7.52896204115215270000,7.18934995727411240000,6.84015800268135980000,6.48363839900230230000,6.12191025876089510000,5.75697253795430530000,5.39071956005098760000,5.02495855297734730000,4.66142865101291020000,4.30182078620044450000,3.94779781398678200000,3.60101406265886140000,3.26313323068792770000,2.93584312567594760000,2.62086505737230360000,2.31995462999672860000,2.03488901332463220000,1.76743317690663490000,1.51927354535997190000,1.29190135261862690000,1.08641871673560630000,0.90322728230770077000,0.74154244854324736000,0.59865985828595869000,0.46889890964188879000,0.34219274391463972000,0.20243308166318769000,0.02590665356679481100
-3.23318728783945900000,-0.00699165519638955680,1.93376139101179410000,3.04201062548647540000,3.64089117593099280000,3.94965615513982640000,4.11126635023896900000,4.21509757392133630000,4.31392283520666100000,4.43606695689992140000,4.59390696868671800000,4.78973301890533150000,5.01974610505367740000,5.27675616839517230000,5.55197925394984710000,5.83621218229230450000,6.12057807485477930000,6.39697679901506610000,6.65833343118788170000,6.89870958866505910000,7.11332297798282460000,7.29850698662371670000,7.45163271296296870000,7.57100919935941260000,7.65577293295721260000,7.70577431736269600000,7.72146639495065830000,7.70379934079002910000,7.65412296738854540000,7.57409854453146990000,7.46562055909199440000,7.33074855071536560000,7.17164881350054270000,6.99054551631291600000,6.78968063884877540000,6.57128202682917980000,6.33753882192825560000,6.09058350767299040000,5.83247982141527200000,5.56521580615670960000,5.29070130732850520000,5.01076925219559400000,4.72718007728210670000,4.44162868580988680000,4.15575331545701940000,3.87114566793217650000,3.58936158420013250000,3.31193142640962850000,3.04036912641643120000,2.77617854752044830000,2.52085533137466820000,2.27588169416953700000,2.04271059168290180000,1.82273414622832200000,1.61722902553868560000,1.42726834951717920000,1.25358545706266030000,1.09636946552419220000,0.95496660590484672000,0.82745700543812983000,0.71007942227390553000,0.59649765365826546000,0.47696020585854615000,0.33751941514268152000,0.15965328803946982000
-3.28544095304139990000,0.23277533980684689000,2.43365461579240260000,3.71796047586408160000,4.39426952477985470000,4.68812489617256480000,4.75804009085443450000,4.71162593218280710000,4.61925635107606250000,4.52475918522647640000,4.45343215418943130000,4.41790719240863970000,4.42237429954962910000,4.46558974507234030000,4.54299746994116300000,4.64820913468245590000,4.77402249184989990000,4.91310831344575490000,5.05845987816999990000,5.20367285155652140000,5.34310460764262360000,5.47194857938233440000,5.58624955760120830000,5.68287888153212430000,5.75948339409256960000,5.81441832053421680000,5.84667148372002820000,5.85578422298765490000,5.84177284708558280000,5.80505329168566850000,5.74637077371435550000,5.66673557001563570000,5.56736554682875350000,5.44963569214367110000,5.31503462702443660000,5.16512787262938570000,5.00152750962302670000,4.82586777200262860000,4.63978605653179520000,4.44490879225480740000,4.24284159350271930000,4.03516310675547630000,3.82342194942598820000,3.60913611970415800000,3.39379422298398300000,3.17885780264632610000,2.96576396932125430000,2.75592737792145130000,2.55074038534145810000,2.35156990631049690000,2.15974903368940300000,1.97656085429492870000,1.80321101182200530000,1.64078437624514280000,1.49017961338083400000,1.35201349734650520000,1.22648460458002480000,1.11318404166446250000,1.01084026228199410000,0.91698828708225422000,0.82756529460323780000,0.73646178764380532000,0.63510943920723972000,0.51227054799088512000,0.35430919721876192000
-2.88815836751556180000,0.68277574415727971000,2.96550875343841010000,4.30890509413238650000,4.99647367185050850000,5.24725427353961130000,5.22395432080689390000,5.04347605843412340000,4.78714176401499620000,4.50948473235478530000,4.24533417452982850000,4.01531341260454600000,3.83000733891958940000,3.69307194144129450000,3.60352772179826970000,3.55743446967274530000,3.54910182285287590000,3.57195353009222940000,3.61913429050764090000,3.68392573676219030000,3.76002132882027060000,3.84169739949413100000,3.92390829072122620000,4.00232660689130880000,4.07334445483937910000,4.13404766962649890000,4.18217209822442280000,4.21604878190139760000,4.23454316401859110000,4.23699212451131140000,4.22314161246618620000,4.19308684593118740000,4.14721642311166950000,4.08616120358340050000,4.01074844309149550000,3.92196137820045990000,3.82090423935836570000,3.70877250799983220000,3.58682811274766960000,3.45637917099485700000,3.31876381587202210000,3.17533759642149340000,3.02746389277720730000,2.87650674043412340000,2.72382540005566830000,2.57076993261094920000,2.41867693339521140000,2.26886443000546790000,2.12262474321641470000,1.98121382734646320000,1.84583522654760570000,1.71761628268575910000,1.59757359020097560000,1.48656391058892630000,1.38521587204963330000,1.29383691629327790000,1.21228941995048280000,1.13983034152079070000,1.07491129460783740000,1.01494259029925240000,0.95603845651326846000,0.89278495479734832000,0.81811006448410439000,0.72338625620860464000,0.59895014090726506000
-2.07453947376105360000,1.35729539116364560000,3.56867025660867830000,4.86166223713367440000,5.49111342299087290000,5.66214842939865730000,5.53364631224332280000,5.22467146448097710000,4.82172638210969320000,4.38562188822459560000,3.95743142012503220000,3.56338996246522390000,3.21879485849765250000,2.93104495806494650000,2.70197220157112830000,2.52960908013276200000,2.40951434411769670000,2.33575659982367640000,2.30163480001859580000,2.30019733917232470000,2.32460757676232490000,2.36839272687921150000,2.42560463111939130000,2.49091445444112840000,2.55965836560936740000,2.62784742791732700000,2.69215195549990580000,2.74986827631505190000,2.79887402821346140000,2.83757668313964210000,2.86485886004257310000,2.88002308508564210000,2.88273793970327170000,2.87298696590338660000,2.85102124518598870000,2.81731620975436050000,2.77253296392171000000,2.71748417456411540000,2.65310441933435110000,2.58042474911036250000,2.50055111710845690000,2.41464624249060830000,2.32391440299795930000,2.22958858131678370000,2.13291931570848310000,2.03516451882260710000,1.93757942096860060000,1.84140565623771100000,1.74785833207723720000,1.65810969585043890000,1.57326772835903820000,1.49434765321175860000,1.42223396517028000000,1.35763019121703230000,1.30099329887231850000,1.25244964403666240000,1.21168994583096220000,1.17784256389430750000,1.14932823000641560000,1.12370660191436360000,1.09753702871327440000,1.06629387910455750000,1.02440022620299140000,0.96546829456190542000,0.88284941420147889000
-0.88626951898335238000,2.25136481147291260000,4.26195365813032370000,5.40636694917094830000,5.91044121239318270000,5.96150586124643930000,5.70933138968862510000,5.26982037237189350000,4.72995156004303570000,4.15295237706133500000,3.58311624006641160000,3.04999885117393400000,2.57192217818487650000,2.15881844710993630000,1.81449250439344630000,1.53839432619586790000,1.32699034826797440000,1.17481206404010470000,1.07524804217131660000,1.02113361054271490000,1.00518196655159730000,1.02029168427777580000,1.05975842714670380000,1.11741292939639390000,1.18770273632544550000,1.26573156206321260000,1.34726723778182200000,1.42872692297828510000,1.50714641154575070000,1.58013888498866590000,1.64584727205765490000,1.70289340946416350000,1.75032641754864080000,1.78757207303066410000,1.81438445077549030000,1.83080069578369950000,1.83709945727880350000,1.83376325376691060000,1.82144482847839770000,1.80093738760941900000,1.77314847951988970000,1.73907716278016090000,1.69979401671084120000,1.65642346239922000000,1.61012777807065400000,1.56209210343774260000,1.51350962691947320000,1.46556603176830860000,1.41942213790876500000,1.37619351425919410000,1.33692565558139130000,1.30256313278999780000,1.27391096849589820000,1.25158642317037770000,1.23595951366581170000,1.22708111184683630000,1.22459867976288520000,1.22766201558123990000,1.23482537134374540000,1.24395857625552700000,1.25218879269684090000,1.25590598227233660000,1.25087719905698600000,1.23252271009901500000,1.19640170860778030000
0.63305855975871461000,3.34973758729647920000,5.05090314525215780000,5.96087452673113380000,6.27740182240592580000,6.16819314395053730000,5.77059375486343470000,5.19353940989717700000,4.52081771866006040000,3.81485570533821110000,3.12050753932705980000,2.46854139597374630000,1.87868659416294670000,1.36220450531129190000,0.92400394666098440000,0.56434913199591430000,0.28021769675903857000,0.06636598055622662500,-0.08384629470189228200,-0.17782664067368034000,-0.22327744949182846000,-0.22784892562874581000,-0.19889125031881333000,-0.14328474340018449000,-0.06733078880223579400,0.02331041977306138100,0.12364656367506452000,0.22935336477792023000,0.33675548250852938000,0.44279392015251162000,0.54498451011682592000,0.64137105614717738000,0.73047589624030018000,0.81124998194434994000,0.88302402266878377000,0.94546179687028098000,0.99851636838585289000,1.04238965127813280000,1.07749552795124170000,1.10442653222906180000,1.12392395209799910000,1.13685107748957640000,1.14416920927456740000,1.14691594978537960000,1.14618520663994250000,1.14310825519393160000,1.13883511646892230000,1.13451541439053030000,1.13127777874148270000,1.13020676281795280000,1.13231615885171500000,1.13851754261351320000,1.14958290164974210000,1.16610036613225020000,1.18842247167406680000,1.21660719351195580000,1.25035341243564210000,1.28893476669255610000,1.33113928169963810000,1.37522692098198380000,1.41892311614305440000,1.45947256848936190000,1.49378212821551680000,1.51868059959119250000,1.53131132095513810000
2.44032715203338930000,4.63179081518495830000,5.93273644557732820000,6.53444620278601820000,6.60781862765520780000,6.30021542242335200000,5.73454106948287110000,5.01012293190393440000,4.20478840033134380000,3.37757554630713800000,2.57164578122893990000,1.81711284204177840000,1.13362465315248520000,0.53262277494317922000,0.01926107180822170300,-0.40600170387606127000,-0.74610396480813734000,-1.00634002765009130000,-1.19353701795738190000,-1.31541396623892300000,-1.38009104949966170000,-1.39572125336617650000,-1.37022091520355670000,-1.31107941120973100000,-1.22523158194860370000,-1.11897934719791130000,-0.99795137881553331000,-0.86709173172621523000,-0.73067003284904153000,-0.59230724687806258000,-0.45501222116212181000,-0.32122519769860053000,-0.19286530044803363000,-0.07137968742419292800,0.04220737848568489200,0.14724681965056027000,0.24341929047557209000,0.33069256147135373000,0.40928206347041962000,0.47961470419532648000,0.54229589694101843000,0.59807959904443342000,0.64784103917576208000,0.69255171132202920000,0.73325612465809131000,0.77104971850384085000,0.80705727798972327000,0.84241111882536424000,0.87822825183663766000,0.91558569764900666000,0.95549311409911386000,0.99886194902038272000,1.04647047882757740000,1.09892439800173490000,1.15661316912563780000,1.21966323590457340000,1.28789057010775140000,1.36075699131864060000,1.43733733308875760000,1.51630774238129610000,1.59596878863790610000,1.67431969488494060000,1.74920021756877220000,1.81851202438469000000,1.88051895254590470000
4.49359365360120930000,6.07414852724049310000,6.89952406556880240000,7.13050106746723960000,6.91229728774099430000,6.37175606976108000000,5.61615176205021530000,4.73340696807595050000,3.79334698830560010000,2.84959422960982730000,1.94176477661438060000,1.09771812362453210000,0.33569759817609440000,-0.33373084403916015000,-0.90598317137287099000,-1.38101364695251250000,-1.76211159629055600000,-2.05491662064503090000,-2.26662587741267000000,-2.40536633033018090000,-2.47970623148429950000,-2.49828248494199650000,-2.46952331938673900000,-2.40144849856831930000,-2.30153193081624610000,-2.17661391445640580000,-2.03285234738117950000,-1.87570404165822870000,-1.70992883929467120000,-1.53961055077460050000,-1.36818986246852290000,-1.19850530959575720000,-1.03283921253472850000,-0.87296614738225131000,-0.72020208539057073000,-0.57545280637181917000,-0.43926058230652898000,-0.31184845135806072000,-0.19316166987848962000,-0.08290615008934051900,0.01941612790845054900,0.11447459216912244000,0.20308018224293772000,0.28615771671113582000,0.36472007618227881000,0.43984368153872178000,0.51264468904530380000,0.58425528060306386000,0.65579940377876955000,0.72836732163130702000,0.80298838233040504000,0.88060153682544562000,0.96202335331990252000,1.04791364577839310000,1.13873940736071780000,1.23473858269102780000,1.33588638360310610000,1.44186837762207930000,1.55206640420233240000,1.66556529709902270000,1.78118996378238180000,1.89758280695297900000,2.01332960484308910000,2.12713638150231480000,2.23804927455114380000
6.75216118493801250000,7.65208485159277710000,7.94018934643072780000,7.74856004356493420000,7.19772800176171580000,6.39410999039184970000,5.42867728328997860000,4.37675018361829430000,3.29867693342368360000,2.24111451309345670000,1.23865078828210470000,0.31555973219819788000,-0.51245922721739434000,-1.23665329702154580000,-1.85375320722263750000,-2.36469786005954980000,-2.77354949686892830000,-3.08658980065287160000,-3.31158063529942660000,-3.45717017362668290000,-3.53242459451413900000,-3.54646635461462490000,-3.50820160746401260000,-3.42612123457709840000,-3.30816191619363400000,-3.16161555976199170000,-2.99307714775514500000,-2.80842263146804470000,-2.61280987749200390000,-2.41069687573517830000,-2.20587245604948290000,-2.00149565129079440000,-1.80014060492193150000,-1.60384456721437460000,-1.41415707054458250000,-1.23218883456648750000,-1.05865933807505840000,-0.89394231671676061000,-0.73810871369859066000,-0.59096683255026117000,-0.45209962404718379000,-0.32089918988465710000,-0.19659870891629272000,-0.07830209200624546600,0.03498824811037940700,0.14434506343670911000,0.25089088146601884000,0.35577304466471105000,0.46013866627283223000,0.56510902825837872000,0.67175303467674841000,0.78105948979276074000,0.89390822067703946000,1.01104043945227470000,1.13302927404258910000,1.26025211631716920000,1.39286735231619980000,1.53079911836109690000,1.67373486076413140000,1.82114143712755720000,1.97230589128337150000,2.12640628334166640000,2.28261533959841410000,2.44023450728829120000,2.59884793673181360000
9.17646156528935290000,9.34028924141497900000,9.04176444574715710000,8.38558219302513660000,7.46840676278544450000,6.37644404081235370000,5.18401596393591820000,3.95306619095429790000,2.73342596232597530000,1.56363073741353450000,0.47208437202741921000,-0.52160109861388249000,-1.40522127739097160000,-2.17264203325592440000,-2.82256610365744410000,-3.35743449388035310000,-3.78247460758856670000,-4.10489443095190860000,-4.33321432256197790000,-4.47672369028887300000,-4.54504795666148360000,-4.54781088140776110000,-4.49437791460808800000,-4.39366737761702630000,-4.25401763539981030000,-4.08309985923024230000,-3.88786737900016500000,-3.67453393241862130000,-3.44857430662025650000,-3.21474192694859530000,-2.97709887942614240000,-2.73905466499028540000,-2.50341068508174080000,-2.27240806073690880000,-2.04777690205198490000,-1.83078558229606150000,-1.62228894079423980000,-1.42277464983514210000,-1.23240724124000290000,-1.05106950494663250000,-0.87840115123622398000,-0.71383477542620744000,-0.55662928342807994000,-0.40590103199723504000,-0.26065301112339134000,-0.11980244882464570000,0.01779275001476782200,0.15330831180847615000,0.28792825227468899000,0.42281954593852167000,0.55910657570908207000,0.69784530044925264000,0.83999732701109342000,0.98640441829144521000,1.13776442411470540000,1.29461018968726660000,1.45729365645085870000,1.62597806170260120000,1.80064174405805420000,1.98109736607072450000,2.16703007174085640000,2.35805682268308910000,2.55380650508654530000,2.75401610342263850000,2.95863239390695520000
11.72793032299505400000,11.11330708773285500000,10.19019034279652300000,9.03687335197767720000,7.72684413971665230000,6.32637862364351910000,4.89301936015523430000,3.47486352523696110000,2.11051979986602150000,0.82956742764046631000,-0.34664652727328260000,-1.40401474982132070000,-2.33459587676449010000,-3.13554279487841430000,-3.80808927130295950000,-4.35662894716928320000,-4.78790389629856430000,-5.11030799575155030000,-5.33330240646463590000,-5.46693558671176130000,-5.52145761538933220000,-5.50701749481675230000,-5.43343200303135280000,-5.31001518565208560000,-5.14545844577318690000,-4.94775222437920450000,-4.72414134569286490000,-4.48110715955674350000,-4.22437060529943680000,-3.95891122781080180000,-3.68899798890983900000,-3.41822843550258200000,-3.14957341491162430000,-2.88542507382657560000,-2.62764634825899270000,-2.37762055555461680000,-2.13630004353216480000,-1.90425314330408750000,-1.68170891780757700000,-1.46859940338851260000,-1.26459921209291840000,-1.06916250204755900000,-0.88155743607420201000,-0.70089833721531780000,-0.52617581587698892000,-0.35628518736705472000,-0.19005351989989733000,-0.02626564924136445100,0.13631053712055505000,0.29889931215935556000,0.46269269582964734000,0.62882645842004803000,0.79835680916800511000,0.97223833236583723000,1.15130409458368340000,1.33624926222040410000,1.52762000291624320000,1.72580982894382880000,1.93106576287017640000,2.14350660166363620000,2.36315491464353930000,2.58998300398717610000,2.82397069854115920000,3.06516950617248000000,3.31376356780361100000
14.36894019880777600000,12.94582203995483400000,11.37084215537727500000,9.69670432707859750000,7.97433593653617920000,6.25041185412410360000,4.56572030598724870000,2.95426941840179550000,1.44300090777110120000,0.05196605684571220500,-1.20517501943902690000,-2.32045253996996160000,-3.29078346772093950000,-4.11714000680000060000,-4.80374298565036110000,-5.35731435887132080000,-5.78640845440361230000,-6.10083076631157790000,-6.31114552112879500000,-6.42826828337122440000,-6.46313688325781930000,-6.42645239796627440000,-6.32848135278583080000,-6.17891039002258320000,-5.98674513198818480000,-5.76024566402252970000,-5.50689186502807360000,-5.23337263890635640000,-4.94559390272076630000,-4.64870093889008280000,-4.34711140532814080000,-4.04455591395675370000,-3.74412363452835480000,-3.44831086037401930000,-3.15907089032925330000,-2.87786394217289350000,-2.60570612307722630000,-2.34321674726598550000,-2.09066351540388420000,-1.84800525881930740000,-1.61493210857205090000,-1.39090307810140490000,-1.17518115154052170000,-0.96686604982913382000,-0.76492490472360586000,-0.56822110696345285000,-0.37554160841629480000,-0.18562294705039845000,0.00282377502180931190,0.19108880054362043000,0.38044046011705013000,0.57210284401427047000,0.76723468924166738000,0.96691000239544489000,1.17210120636238500000,1.38366587828788300000,1.60233839750401950000,1.82872798098488690000,2.06332455768163080000,2.30651360208228610000,2.55860027674427130000,2.81984190183255290000,3.09048581779976410000,3.37080720700388480000,3.66113866705933600000
17.06281008635675500000,14.81286671798372000000,12.56889080969322200000,10.35873581355438200000,8.21135997201229630000,6.15421637988065130000,4.21148732391495880000,2.40302775290579930000,0.74387749291134075000,-0.75579422511988048000,-2.09043634343254060000,-3.25866255946392250000,-4.26268371447223870000,-5.10769265889510300000,-5.80124988280954310000,-6.35270256729493270000,-6.77265717816892820000,-7.07251618921484850000,-7.26408263258188210000,-7.35923146476082750000,-7.36964373083493030000,-7.30659777502599810000,-7.18081091867686800000,-7.00232481952634260000,-6.78042791992001880000,-6.52360882720368100000,-6.23953503515381590000,-5.93505201536661180000,-5.61619833317628990000,-5.28823304397620490000,-4.95567218585890500000,-4.62233169500258970000,-4.29137452845722580000,-3.96536018553143870000,-3.64629517637578090000,-3.33568329810353160000,-3.03457484878397740000,-2.74361414181442550000,-2.46308488127447410000,-2.19295312632555550000,-1.93290771258062240000,-1.68239811321069870000,-1.44066981443186170000,-1.20679735039697690000,-0.97971519221978975000,-0.75824671499508711000,-0.54113147461499944000,-0.32705101156170557000,-0.11465335971866840000,0.09742362769634684000,0.31053011777048078000,0.52598341036826279000,0.74504858337167801000,0.96892110511222329000,1.19871203109756360000,1.43543656879342700000,1.68000690677105300000,1.93323020863128490000,2.19581249742619720000,2.46836872180395960000,2.75143852245783550000,3.04550605483787740000,3.35102068076135360000,3.66841352851344600000,3.99810308498437860000
19.77388506640795600000,16.69000529302194700000,13.76956780178749900000,11.01631614164977800000,8.43784933183409260000,6.04283859582711710000,3.83911702117253920000,1.83247049169691390000,0.02597569313156167200,-1.58025088315128560000,-2.98900978848138180000,-4.20577834215637300000,-5.23835080388809440000,-6.09641848287576770000,-6.79113332687233130000,-7.33468514019771870000,-7.73991182890699750000,-8.01995381114265630000,-8.18795765755159440000,-8.25682976959566160000,-8.23903808515020410000,-8.14645807491731060000,-7.99025836443913740000,-7.78082094590953230000,-7.52769094662485470000,-7.23955115913729760000,-6.92421691317088680000,-6.58864731274193090000,-6.23896932818306920000,-5.88051169299712480000,-5.51784599240587870000,-5.15483273474538000000,-4.79467056428643980000,-4.43994710364513610000,-4.09269020662218800000,-3.75441866004040480000,-3.42619159839045650000,-3.10865609044216560000,-2.80209252495972240000,-2.50645756560975160000,-2.22142456513171330000,-1.94642142757993450000,-1.68066598629564520000,-1.42319902515541270000,-1.17291511204632330000,-0.92859143644872622000,-0.68891484703308492000,-0.45250726951448472000,-0.21794964871519112000,0.01619549888351822000,0.25136291484014411000,0.48896490215670418000,0.73037330774597697000,0.97690350949509464000,1.22980084471421460000,1.49022999575128320000,1.75926786236131290000,2.03790035644510730000,2.32702330319880660000,2.62744717300475730000,2.93990466124743890000,3.26505916853923490000,3.60351105307537710000,3.95579724506299970000,4.32237863132031120000
22.46767468285766600000,18.55350794264752100000,14.95837237922633500000,11.66269574077662300000,8.65337957250140020000,5.92082604209707770000,3.45687819663127850000,1.25346678769672180000,-0.69820687484094257000,-2.40809197662738410000,-3.88742673325425290000,-5.14868498517285640000,-6.20540141780819800000,-7.07192879910881980000,-7.76316622802121790000,-8.29428564839756890000,-8.68047460472973320000,-8.93670612264249620000,-9.07754136474799720000,-9.11696700465728680000,-9.06826675746802200000,-8.94392491712661020000,-8.75555883701870030000,-8.51387685365977020000,-8.22865804178363900000,-7.90875028796781890000,-7.56208339623476710000,-7.19569423477110350000,-6.81576125885733930000,-6.42764607598213370000,-6.03594003939724640000,-5.64451415720537670000,-5.25657088100993340000,-4.87469658950841110000,-4.50091380814617280000,-4.13673240694570770000,-3.78319919621173510000,-3.44094549546299340000,-3.11023238611845400000,-2.79099347451145260000,-2.48287508988494570000,-2.18527392308212050000,-1.89737217639250690000,-1.61817034388589050000,-1.34651777474115160000,-1.08114118948691340000,-0.82067132046815328000,-0.56366783293988731000,-0.30864265184522000000,-0.05408177197701141700,0.20153443266577875000,0.45971245765386376000,0.72192861074080095000,0.98961385781180145000,1.26414083611978630000,1.54681331332612570000,1.83885831902311560000,2.14142102583093270000,2.45556217695079320000,2.78225741797473210000,3.12239727873991900000,3.47678577867765880000,3.84613474918783550000,4.23105008236953850000,4.63200538208930190000
25.11103397421186400000,20.38052451712560400000,16.12124368919071000000,12.29118694472660400000,8.85729693531890660000,5.79230389819165130000,3.07252095551327600000,0.67635620842510491000,-1.41664477631083100000,-3.22637136119875480000,-4.77244760797085820000,-6.07434565643021430000,-7.15137785171251570000,-8.02261585668383680000,-8.70677155814150080000,-9.22206405952931260000,-9.58608897384470810000,-9.81570016692668370000,-9.92690967387785680000,-9.93480838158622250000,-9.85350794355024640000,-9.69610302059001760000,-9.47465211894461310000,-9.20017486443330230000,-8.88266338404019250000,-8.53110547245231570000,-8.15351733446452620000,-7.75698386857689300000,-7.34770466149391410000,-6.93104407752751240000,-6.51158403876053970000,-6.09317829411254670000,-5.67900716441462720000,-5.27163192458534180000,-4.87304814255811360000,-4.48473743794090840000,-4.10771725198360830000,-3.74258833486773930000,-3.38957975717261210000,-3.04859134008452500000,-2.71923347386404890000,-2.40086435651131550000,-2.09262473458594520000,-1.79347026574319200000,-1.50220164763965160000,-1.21749267028685290000,-0.93791634857030493000,-0.66196927856580845000,-0.38809433594024934000,-0.11470179831950328000,0.15981107158292510000,0.43704199494168616000,0.71856725848738456000,1.00592700567488700000,1.30061234571907770000,1.60405435883872330000,1.91761498430286850000,2.24257960275480570000,2.58015084591514650000,2.93144277222953510000,3.29747403743892110000,3.67915808766114430000,4.07728776217005340000,4.49251109970374960000,4.92529471149024370000
27.67237184650592500000,22.14925808016279500000,17.24471025733565500000,12.89528750980094800000,9.04880671910101420000,5.66101687236480980000,2.69326256159055300000,0.11087309458035244000,-2.11792248883825880000,-4.02270463829807930000,-5.63130879645889590000,-6.97009008912953740000,-8.06406788212772160000,-8.93699398973324580000,-9.61137554465583750000,-10.10847396314578700000,-10.44829434861315300000,-10.64957451244732700000,-10.72977910496896200000,-10.70510178469198200000,-10.59047662452935000000,-10.39959883354268300000,-10.14495418705567100000,-9.83785617317961330000,-9.48848968116134020000,-9.10596000504031620000,-8.69834596481019420000,-8.27275602263251560000,-7.83538637141638720000,-7.39158008332463990000,-6.94588651819492050000,-6.50212030183461210000,-6.06341928927332590000,-5.63230102723876860000,-5.21071732292893320000,-4.80010661243680840000,-4.40144390186369440000,-4.01528812711753960000,-3.64182684444039010000,-3.28091822257032370000,-2.93213035877637560000,-2.59477798441984180000,-2.26795666077666080000,-1.95057459219171040000,-1.64138220085796570000,-1.33899961535839700000,-1.04194222351202860000,-0.74864442930586439000,-0.45748173459296293000,-0.16679124043103594000,0.12510936678051182000,0.41990430848817206000,0.71926367316139161000,1.02482883533026920000,1.33819930920731370000,1.66092095293793160000,1.99447532688056260000,2.34026982881354990000,2.69962797014633260000,3.07377881710183990000,3.46384420882405310000,3.87082190712450740000,4.29556237760329650000,4.73873651761764240000,5.20079141706409760000
30.12187266812339500000,23.83913568515837900000,18.31602306895679900000,13.46877943625890200000,9.22703516043105760000,5.53034884682583260000,2.32575979674757780000,-0.43393129720945062000,-2.79136242922729940000,-4.78544430471682960000,-6.45193939360447110000,-7.82386576689531670000,-8.93178237905737400000,-9.80399557831017530000,-10.46671438847704600000,-10.94417331540800100000,-11.25873518719597800000,-11.43098216298378000000,-11.47980003108019700000,-11.42245888160967500000,-11.27469189697944800000,-11.05077314404131000000,-10.76359472073287400000,-10.42474329645525300000,-10.04457591170173300000,-9.63229481534812490000,-9.19602108242562190000,-8.74286674883802210000,-8.27900520892709050000,-7.80973963946071680000,-7.33956923562048050000,-6.87225306914013330000,-6.41087140524348160000,-5.95788434325197970000,-5.51518767555179680000,-5.08416589077690070000,-4.66574227913148930000,-4.26042613009750330000,-3.86835704454933800000,-3.48934641362250850000,-3.12291614460330140000,-2.76833473867624890000,-2.42465084569451730000,-2.09072443643691440000,-1.76525574245404830000,-1.44681211718084060000,-1.13385296941826600000,-0.82475291192447531000,-0.51782325467665535000,-0.21133195616097547000,0.09647787033246080200,0.40737081083743798000,0.72310328345563279000,1.04540885377124320000,1.37598459720980280000,1.71647829747583880000,2.06847615001795760000,2.43349046622892030000,2.81294664382198660000,3.20816838455412420000,3.62035981538911320000,4.05058282940091450000,4.49972764839865390000,4.96847437312111410000,5.45724318863955650000
32.43171877791907300000,25.43097236162902800000,19.32327496830192400000,14.00581025275321800000,9.39107399851163830000,5.40332944018251120000,1.97607561721838290000,-0.94976309441798423000,-3.42713958806657180000,-5.50383219682122690000,-7.22314723195367490000,-8.62445205653735240000,-9.74359136743498060000,-10.61322268550817000000,-11.26309538251041400000,-11.72028951686864300000,-12.00942527232889600000,-12.15285012874774800000,-12.17080848632030400000,-12.08159691226822100000,-11.90170719730831600000,-11.64595879832952000000,-11.32762186633323900000,-10.95853182277631200000,-10.54919629321930300000,-10.10889509746594900000,-9.64577390845736820000,-9.16693211650491690000,-8.67850536583426010000,-8.18574316541097600000,-7.69308191607005120000,-7.20421364225724760000,-6.72215067041333740000,-6.24928645804090090000,-5.78745274812026890000,-5.33797320258382690000,-4.90171365534079230000,-4.47912911882416060000,-4.07030767691041270000,-3.67501139990332250000,-3.29271442259793630000,-2.92263833281660900000,-2.56378502391987070000,-2.21496716950719200000,-1.87483648094737500000,-1.54190990794197070000,-1.21459393885331140000,-0.89120715135023831000,-0.57000115599604051000,-0.24918006745246901000,0.07308136735351045100,0.39862085376973871000,0.72927270425310431000,1.06685289208858870000,1.41314478010629020000,1.76988521781642480000,2.13875058153446900000,2.52134217332241390000,2.91917019618207000000,3.33363529119649550000,3.76600637149489260000,4.21739324153440440000,4.68871228091626870000,5.18064333935815570000,5.69357597508602180000
34.57630358513739600000,26.90712399209642000000,20.25550711382405600000,14.50096106741865800000,9.54001393241537880000,5.28263411307889900000,1.64964606049409610000,-1.42915189299274630000,-4.01637961509212180000,-6.16812747855852450000,-7.93477356578660500000,-9.36163749076566630000,-10.48951924844800800000,-11.35515534698170400000,-11.99161350530522300000,-12.42863990105072200000,-12.69296820958335600000,-12.80859666625887900000,-12.79703752572758900000,-12.67754217433974700000,-12.46730449313167300000,-12.18164468137949200000,-11.83417551247417300000,-11.43695282933706500000,-11.00061195173983800000,-10.53449153955745000000,-10.04674632424304900000,-9.54444998363957710000,-9.03368929485549900000,-8.51965056040552330000,-8.00669916857582110000,-7.49845302392625790000,-6.99785047095146860000,-6.50721323506123550000,-6.02830482102741970000,-5.56238473978266780000,-5.11025887911789130000,-4.67232629104941030000,-4.24862263670516070000,-3.83886050662412350000,-3.44246681844405570000,-3.05861748321242470000,-2.68626952430134790000,-2.32419082768815420000,-1.97098769803750470000,-1.62513039082401310000,-1.28497678634859900000,-0.94879436713536602000,-0.61478065666732040000,-0.28108227624213672000,0.05418721981786391700,0.39293055921014053000,0.73705082287409407000,1.08843613969592500000,1.44894471281130980000,1.82038980156713050000,2.20452417118718100000,2.60302338141889500000,3.01746711874660670000,3.44931759191691300000,3.89989382131471100000,4.37034047932271810000,4.86158980697878640000,5.37431507107407570000,5.90887406351676340000
36.53242693531727500000,28.25162508081356400000,21.10280222966394700000,14.94930388179189900000,9.67297107774659540000,5.17058245709736660000,1.35125172909802660000,-1.86550515630821720000,-4.55123798759243940000,-6.76970891636915260000,-8.57781612117740980000,-10.02636065422627900000,-11.16070014555942800000,-12.02131778308955700000,-12.64432490658251900000,-13.06190908975381700000,-13.30273557921390500000,-13.39230757435509400000,-13.35328947753273000000,-13.20579651322161800000,-12.96765373782366200000,-12.65462726494097000000,-12.28063040834086200000,-11.85790733662855500000,-11.39719671011139500000,-10.90787762074531400000,-10.39809998079066700000,-9.87490131109166920000,-9.34431167432568620000,-8.81144829096879790000,-8.28060117392314150000,-7.75531092798819710000,-7.23843968709067550000,-6.73223600815492770000,-6.23839440692340650000,-5.75811010790935550000,-5.29212948701565460000,-4.84079660954516730000,-4.40409620629518450000,-3.98169338389245460000,-3.57297033016418550000,-3.17706024892695020000,-2.79287873908372570000,-2.41915281860987720000,-2.05444778349776950000,-1.69719208404912860000,-1.34570039555741290000,-0.99819505743678616000,-0.65282605482930878000,-0.30768972086438606000,0.03915365212122173800,0.38966308556413387000,0.74580083521738216000,1.10951667842614390000,1.48273222571385730000,1.86732483289291260000,2.26511058775380160000,2.67782572359116420000,3.10710567464541840000,3.55446084411557980000,4.02124801623616700000,4.50863622673154650000,5.01756583065571070000,5.54869949407720850000,6.10236390482271850000
38.27946633458065400000,29.45030806958548200000,21.85636400119092600000,15.34644955161111700000,9.78910904979198020000,5.06913776085630200000,1.08499677151252130000,-2.25314862283041650000,-5.02495880123509850000,-7.30115087614461090000,-9.14452076376138120000,-10.61081558708994000000,-11.74949477046555700000,-12.60440423546877600000,-13.21437914629601800000,-13.61378512641835500000,-13.83300462925004300000,-13.89887336891824900000,-13.83507082857841700000,-13.66246847580369400000,-13.39943917642673600000,-13.06213125536404000000,-12.66471061727861200000,-12.21957426734319800000,-11.73753844670847700000,-11.22800441905150100000,-10.69910472318764900000,-10.15783245541629400000,-9.61015587792560670000,-9.06112037889026570000,-8.51493954639360060000,-7.97507687003432330000,-7.44431935660977120000,-6.92484414294835290000,-6.41827901126142120000,-5.92575756027344980000,-5.44796965772766130000,-4.98520769473586520000,-4.53740907745146420000,-4.10419532406448620000,-3.68490808248082360000,-3.27864234370373350000,-2.88427709556538050000,-2.50050363906187640000,-2.12585177351614090000,-1.75871404595713200000,-1.39736825376791040000,-1.03999838763234950000,-0.68471420443826236000,-0.32956962792995848000,0.02741981011272777400,0.38826025181524104000,0.75496324774869727000,1.12952962678003450000,1.51393312288249480000,1.91010330430211870000,2.31990725945655910000,2.74512939053688940000,3.18744855489995600000,3.64841168384286880000,4.12940290915902430000,4.63160715353020520000,5.15596710636525120000,5.70313252681568720000,6.27340090203120490000
39.79951941753701300000,30.49090167011723900000,22.50858193590227800000,15.68858712559303100000,9.88765826365069070000,4.97990974977806910000,0.85429709137965482000,-2.58735149483208240000,-5.43191264863002130000,-7.75627325489519760000,-9.62844269455188060000,-11.10852319804195100000,-12.24957073503524700000,-13.09836663793454500000,-13.69611254653439200000,-14.07905678797320800000,-14.27905787246455200000,-14.32408961005023900000,-14.23869190007733600000,-14.04437115893546700000,-13.75995441028290500000,-13.40190113529473200000,-12.98457700049611100000,-12.52049351997448300000,-12.02051756431802700000,-11.49405441137475300000,-10.94920776119398700000,-10.39291982842109300000,-9.83109429809107030000,-9.26870460083055650000,-8.70988964341169240000,-8.15803882964741330000,-7.61586793100826040000,-7.08548711969891000000,-6.56846226074318370000,-6.06587037371255990000,-5.57835001769951690000,-5.10614722275977420000,-4.64915748460301350000,-4.20696425384534400000,-3.77887428367254770000,-3.36395014746603980000,-2.96104019824005070000,-2.56880621240281480000,-2.18574893957093330000,-1.81023176656886790000,-1.44050269644331700000,-1.07471484190654860000,-0.71094563715654557000,-0.34721498300701908000,0.01849744142964193600,0.38823544049285086000,0.76404984068202775000,1.14798196260015550000,1.54204662373217620000,1.94821419972162110000,2.36839119203109630000,2.80439866333197370000,3.25794781375393280000,3.73061188850031210000,4.22379353960876450000,4.73868672260426390000,5.27623220366597860000,5.83706579473714720000,6.42145852954533410000
41.07751468198095100000,31.36310654846748500000,23.05308119601265600000,15.97251494139626800000,9.96793332348235590000,4.90416147670929180000,0.66187853201504054000,-2.86433613511985020000,-5.76761392446465050000,-8.13016633548452460000,-10.02447876859334600000,-11.51437078993297200000,-12.65594879423831800000,-13.49846685513134800000,-14.08510551438058300000,-14.45367495377995800000,-14.63724740611156400000,-14.66472308490833000000,-14.56133386707563000000,-14.34908913986340200000,-14.04716843882380300000,-13.67226565543354500000,-13.23888963710301800000,-12.75962592845511200000,-12.24536422143091500000,-11.70549581359919800000,-11.14808504332801700000,-10.58001830118809400000,-10.00713383044865200000,-9.43433514345018230000,-8.86569050864533990000,-8.30452061500118970000,-7.75347620265254810000,-7.21460716471994350000,-6.68942437629718610000,-6.17895529226957050000,-5.68379417408925750000,-5.20414765432436700000,-4.73987622364531180000,-4.29053212464452740000,-3.85539405724504030000,-3.43349903835368320000,-3.02367171106285500000,-2.62455136368033280000,-2.23461689417522670000,-1.85220993973118440000,-1.47555638292061600000,-1.10278644493609180000,-0.73195358214020145000,-0.36105241509354935000,0.01196406035710639900,0.38916770179632509000,0.77263857335574104000,1.16444806147023990000,1.56664133623155430000,1.98121867802042620000,2.41011511988476010000,2.85517778441498350000,3.31814022464172890000,3.80059301829295570000,4.30394982143836740000,4.82940806965344120000,5.37790353060855160000,5.95005796807503010000,6.54611927719097950000
42.10128897690108100000,32.05864754565112700000,23.48475720473949500000,16.19566370081665200000,10.02934888519765600000,4.84282064625592490000,0.50978499096389895000,-3.08127280692915260000,-6.02871866754492560000,-8.41919226149205890000,-10.32887317089270600000,-11.82462237787024700000,-12.96501802968212600000,-13.80129670658827100000,-14.37820714655565600000,-14.73478133652972300000,-14.90502717444455700000,-14.91854692389861500000,-14.80108601964341000000,-14.57501718691726300000,-14.25976517079927900000,-13.87217756660019500000,-13.42684727956936700000,-12.93639203076789500000,-12.41169608963715000000,-11.86211908249739400000,-11.29567633044608500000,-10.71919473776996100000,-10.13844780667484000000,-9.55827291468548170000,-8.98267357153843090000,-8.41490898253685060000,-7.85757289122422260000,-7.31266335892429710000,-6.78164486290541650000,-6.26550385763752260000,-5.76479874258456700000,-5.27970501219953810000,-4.81005622582543600000,-4.35538132346745500000,-3.91493872436551450000,-3.48774757565701780000,-3.07261646519819290000,-2.66816987322800170000,-2.27287260987106610000,-1.88505246780207750000,-1.50292131050255760000,-1.12459481562760290000,-0.74811109964086953000,-0.37144846395419995000,0.00745747558363661630,0.39069698469755754000,0.78036940395837662000,1.17856596642171210000,1.58735181523284650000,2.00874673991417300000,2.44470409023362080000,2.89708726737254230000,3.36764313833351100000,3.85797167699756380000,4.36949111055458240000,4.90339784994832330000,5.46062051355324400000,6.04176741878433440000,6.64706701794712180000
42.86163150596782100000,32.57130240407066400000,23.79979516808529600000,16.35611171179287400000,10.07143405778047600000,4.79649514598286420000,0.39939580495823401000,-3.23626064215716710000,-6.21300468737837620000,-8.62096542547683060000,-10.53919922713191500000,-12.03690296869845600000,-13.17452342427651700000,-14.00476939439525400000,-14.57353079436739100000,-14.92070822026641800000,-15.08095671001553100000,-15.08434802040519100000,-14.95695643195494500000,-14.72137369077722700000,-14.39715911117967900000,-14.00123106646094100000,-13.54820609683525800000,-13.05069169130005900000,-12.51953849185962400000,-11.96405726261259300000,-11.39220549876511500000,-10.81074805257844000000,-10.22539564964788500000,-9.64092467889657460000,-9.06128117700949790000,-8.48967150182137510000,-7.92864180465433940000,-7.38014807098996160000,-6.84561820207492210000,-6.32600735536825990000,-5.82184754629965880000,-5.33329233410852940000,-4.86015726673181540000,-4.40195663990042620000,-3.95793703001922960000,-3.52710798554624280000,-3.10827020432289110000,-2.70004148193479580000,-2.30088068645151990000,-1.90910999601202610000,-1.52293562633917290000,-1.14046727443210210000,-0.75973651179421142000,-0.37871437526144314000,0.00467157438919138520,0.39252042651612551000,0.78694099155009634000,1.19003439036138950000,1.60387573583237630000,2.03049442924047610000,2.47185254216993930000,2.92982070565365980000,3.40615088659368310000,3.90244540245542560000,4.42012151439318490000,4.96037095178095380000,5.52411376208817110000,6.11194595179148160000,6.72408048634998500000
43.35229518932685300000,32.89690766362312500000,23.99567499401340200000,16.45259252379612700000,10.09384521351974600000,4.76549220081055140000,0.33145129449347344000,-3.32829651223828370000,-6.31933620851742540000,-8.73431451955030620000,-10.65432053912890700000,-12.15016033678942800000,-13.28352960100829300000,-14.10808623776003800000,-14.67042452187513000000,-15.01095308033716700000,-15.16468009886380700000,-15.16191031526553300000,-15.02885937926106400000,-14.78819191305189000000,-14.45949006803162900000,-14.05965955391238100000,-13.60328005555839300000,-13.10290669901341000000,-12.56932883242447500000,-12.01179189698039500000,-11.43818761831642000000,-10.85521718326514100000,-10.26853150599808700000,-9.68285215024166130000,-9.10207597314176380000,-8.52936609935595240000,-7.96723142504286310000,-7.41759649160743350000,-6.88186325720634960000,-6.36096602749644810000,-5.85542058235410410000,-5.36536834822392980000,-4.89061631209781390000,-4.43067324865664420000,-3.98478273282602970000,-3.55195333224335120000,-3.13098631466095780000,-2.72050116133027500000,-2.31895914660437930000,-1.92468522450291090000,-1.53588845337448410000,-1.15068118902164660000,-0.76709728398937771000,-0.38310954565328353000,0.00335327211291437670,0.39438963996508714000,0.79210824790737755000,1.19861044448109900000,1.61597169643200970000,2.04622159855600930000,2.49132191783667570000,2.95314211475892300000,3.43343175205895750000,3.93378918191004790000,4.45562590155656580000,5.00012598923054340000,5.56820008029875170000,6.16043341964343580000,6.77702762928773520000
43.56997711067334900000,33.03334297728454100000,24.07116240293929000000,16.48449526166470500000,10.09637697381701900000,4.74984033672200210000,0.30608505313060674000,-3.35723380927087780000,-6.34761559464605440000,-8.75922929931827280000,-10.67433489902664900000,-12.16460805373788600000,-13.29236468264490500000,-14.11168276836799000000,-14.66942051443387600000,-15.00613206432027600000,-15.15688400415081800000,-15.15197758549419900000,-15.01758291200434300000,-14.77629220993239300000,-14.44759977639430900000,-14.04831632788537400000,-13.59292532392767300000,-13.09388848678051800000,-12.56190724196330600000,-12.00614622096809100000,-11.43442434171853800000,-10.85337834868759500000,-10.26860307857149300000,-9.68477213663295090000,-9.10574213444378700000,-8.53464315788847290000,-7.97395770721487910000,-7.42558997812762290000,-6.89092703197783150000,-6.37089313033152130000,-5.86599828020535430000,-5.37638184633794140000,-4.90185193129082200000,-4.44192109840715330000,-3.99583891248706990000,-3.56262169467484790000,-3.14107982817123380000,-2.72984290715188880000,-2.32738299034363290000,-1.93203620120191830000,-1.54202290708771410000,-1.15546670916800550000,-0.77041248216266922000,-0.38484371793335825000,0.00330055125064730730,0.39610894567344035000,0.79568070930353629000,1.20410808242702120000,1.62345765737145340000,2.05575025614410480000,2.50293882780305310000,2.96688382759716210000,3.44932551340727400000,3.95185258223579480000,4.47586657489934940000,5.02254150469650900000,5.59277821859598220000,6.18715307860330380000,6.80586065513805670000
43.51427046855168600000,32.98049556603731200000,24.02628728988828400000,16.45185805730514500000,10.07897109957826300000,4.74931321316848810000,0.32286139149852400000,-3.32373333411683670000,-6.29872489159112800000,-8.69679526080600240000,-10.60050454782524200000,-12.08165360285022100000,-13.20254826754240800000,-14.01715825012122700000,-14.57216748305828700000,-14.90791628699365600000,-15.05923854860281200000,-15.05619933894056900000,-14.92473995791484000000,-14.68723835128523400000,-14.36299330025046900000,-13.96864083250853600000,-13.51851104789019300000,-13.02493308180682900000,-12.49849532275968600000,-11.94826731821513900000,-11.38198909422783500000,-10.80623291354860200000,-10.22654182908510400000,-9.64754877026891760000,-9.07307933810771240000,-8.50624098435164910000,-7.94950081149296750000,-7.40475385093805460000,-6.87338335271391190000,-6.35631434663028650000,-5.85406150661819250000,-5.36677216163845920000,-4.89426514291408670000,-4.43606603344696640000,-3.99143928744105250000,-3.55941761048315990000,-3.13882893277040860000,-2.72832126448647780000,-2.32638569229005650000,-1.93137775692995710000,-1.54153744280394790000,-1.15500800975061920000,-0.76985390470210735000,-0.38407800541248027000,0.00436153022907100060,0.39753450837720450000,0.79752170321492322000,1.20639725003504190000,1.62621001697643570000,2.05896350464104790000,2.50659378463692260000,2.97094495545118780000,3.45374157089315580000,3.95655748694729770000,4.48078058154067090000,5.02757283231608910000,5.59782529284919050000,6.19210758902913220000,6.81061166339788390000
43.18759096063011800000,32.74020688664045800000,23.86231060979720900000,16.35535507243008600000,10.04172302317584500000,4.76345433907794200000,0.38081627997732437000,-3.22920855006002360000,-6.17445996752114910000,-8.54911943504334100000,-10.43517631051590700000,-11.90381533870570900000,-13.01670741399425200000,-13.82719255938850000000,-14.38134996615924200000,-14.71895474003378900000,-14.87432470214241100000,-14.87706326634702100000,-14.75270618019653700000,-14.52328092248788700000,-14.20778795114750200000,-13.82261293836908000000,-13.38187874687125700000,-12.89774530238978300000,-12.38066479206010100000,-11.83959883462064000000,-11.28220347665563500000,-10.71498710442538600000,-10.14344564596893000000,-9.57217878640089200000,-9.00499033691272640000,-8.44497538615872220000,-7.89459641928287500000,-7.35575021048287430000,-6.82982697413383020000,-6.31776299095997280000,-5.82008770329804470000,-5.33696609110020590000,-4.86823699234226660000,-4.41344791282035680000,-3.97188677640053140000,-3.54261099369218700000,-3.12447417149794000000,-2.71615074446265630000,-2.31615878183994890000,-1.92288120442885190000,-1.53458563813789550000,-1.14944313029002390000,-0.76554596194322866000,-0.38092480360137132000,0.00643451776557460440,0.39857434602167391000,0.79754829147400175000,1.20540373297632630000,1.62416332622488380000,2.05580507880368610000,2.50224051541502580000,2.96529042494623060000,3.44665765847294820000,3.94789643827624290000,4.47037764683989990000,5.01524959563342690000,5.58339382941205110000,6.17537560437568000000,6.79138878722252670000
42.59508087254923200000,32.31620382807157200000,23.58168120928067400000,16.19627768715336600000,9.98488579567766980000,4.79160170504901740000,0.47850015595892048000,-3.07576741605169610000,-5.97745994901072390000,-8.31925038420938630000,-10.18169497757943300000,-11.63463185186093600000,-12.73848429480399800000,-13.54545410951948600000,-14.10059816561340000000,-14.44278734922088100000,-14.60555155752503800000,-14.61781744911088400000,-14.50454758145211000000,-14.28729057516046900000,-13.98465225931487400000,-13.61269756527433800000,-13.18529240915232000000,-12.71439406522742700000,-12.21029768383814600000,-11.68184572132256500000,-11.13660617784625000000,-10.58102471535983800000,-10.02055497266982800000,-9.45977071783731740000,-8.90246288284176220000,-8.35172400984846420000,-7.81002219765825070000,-7.27926626444023220000,-6.76086353131713750000,-6.25577137330645620000,-5.76454347230476570000,-5.28737153453821840000,-4.82412309613973540000,-4.37437592990969650000,-3.93744947924314380000,-3.51243367772291130000,-3.09821546169480700000,-2.69350324556517950000,-2.29684960344214860000,-1.90667238440982520000,-1.52127448092875590000,-1.13886246969224980000,-0.75756435110526965000,-0.37544662694088743000,0.00946902469814722700,0.39918919262956287000,0.79573197899452586000,1.20110969882223160000,1.61731064477949470000,2.04627948996116070000,2.48989586376420920000,2.94995060267688290000,3.42811915312560660000,3.92593159181018470000,4.44473873493408610000,4.98567383595654160000,5.54960942580001500000,6.13710893230494840000,6.74837282749461220000
41.74449433846244500000,31.71401689299926500000,23.18798412091752300000,15.97651049084600100000,9.90887127399078520000,4.83291142499897660000,0.61402104942539371000,-2.86615288581092110000,-5.71113447666851660000,-8.01109525917225970000,-9.84431303241363940000,-11.27856698915683100000,-12.37243884398481000000,-13.17650214393209000000,-13.73439158564653400000,-14.08375134426125500000,-14.25706651838369300000,-14.28238517855629100000,-14.18394052118080500000,-13.98268359476768700000,-13.69673725991476200000,-13.34178170368476100000,-12.93138114281145200000,-12.47726046549402700000,-11.98953958764130300000,-11.47693231356875300000,-10.94691554485209700000,-10.40587380590571200000,-9.85922326770699800000,-9.31151875826107300000,-8.76654664915205830000,-8.22740599665923430000,-7.69657988570186550000,-7.17599856641785830000,-6.66709567732956020000,-6.17085860698405140000,-5.68787384952505000000,-5.21836805155152030000,-4.76224532144081180000,-4.31912127255482140000,-3.88835419374700390000,-3.46907368046694490000,-3.06020701434210720000,-2.66050354585570890000,-2.26855731164215870000,-1.88282810347914920000,-1.50166119917720090000,-1.12330596551174810000,-0.74593354964426539000,-0.36765388786752590000,0.01346772118311236100,0.39939420766230049000,0.79210018532399462000,1.19355493502495010000,1.60570454380937730000,2.03045278612507030000,2.46964029351019040000,2.92502152215324740000,3.39823899805528470000,3.89079430185683960000,4.40401525500694560000,4.93901879125980600000,5.49666904746840230000,6.07753028912412320000,6.68181440088245890000
40.64606731165790200000,30.94088787208806600000,22.68588187280516500000,15.69850274760906200000,9.81424842498518400000,4.88637956594193220000,0.78508661231709509000,-2.60368397228649680000,-5.37959105870957370000,-7.62933647588652250000,-9.42809947065420670000,-10.84091338437241700000,-11.92394929084229100000,-12.72568627655402000000,-13.28795929044882000000,-13.64688365753562700000,-13.83366098820300700000,-13.87527482676235600000,-13.79508642420642600000,-13.61334189107789800000,-13.34760202504789100000,-13.01310559000160100000,-12.62307596512464500000,-12.18898004605094200000,-11.72074718214503100000,-11.22695485366585000000,-10.71498677991731400000,-10.19116823268711500000,-9.66088252079729240000,-9.12867191327073610000,-8.59832567549818090000,-8.07295739598787950000,-7.55507337001565030000,-7.04663346946382150000,-6.54910565438325600000,-6.06351506122252190000,-5.59048842623050920000,-5.13029446242456010000,-4.68288069805798380000,-4.24790719813428730000,-3.82477752359021790000,-3.41266723155673460000,-3.01055018160611710000,-2.61722288475327720000,-2.23132711240915200000,-1.85137097017596820000,-1.47574863543547300000,-1.10275895757012000000,-0.73062312511894978000,-0.35750161516646800000,0.01848934311012445700,0.39926153642391560000,0.78673848439756200000,1.18283878934968150000,1.58945876382959230000,2.00845393838149460000,2.44161900778944620000,2.89066573108060880000,3.35719826290376840000,3.84268536668467940000,4.34842894924228230000,4.87552836894994180000,5.42484001164139770000,5.99693170604305160000,6.59203166744229300000
39.31237575617072400000,30.00566949609545400000,22.08105035161290900000,15.36523601494053200000,9.70173866593773400000,4.95086143727602310000,0.98904379128949094000,-2.29219905516560200000,-4.98756451026560120000,-7.17935021264183430000,-8.93885004506933710000,-10.32769689600633700000,-11.39911298600267400000,-12.19904564850106400000,-12.76717908037100800000,-13.13782155755167300000,-13.34067365358489400000,-13.40148673688011300000,-13.34262301378581300000,-13.18352910575263300000,-12.94113499387992600000,-12.63018944615753000000,-12.26354200102712100000,-11.85238039039470700000,-11.40643106738564000000,-10.93412933796672700000,-10.44276452783119100000,-9.93860466997624310000,-9.42700438133607930000,-8.91249890529057960000,-8.39888672123043280000,-7.88930264980593780000,-7.38628299909079810000,-6.89182398894613610000,-6.40743444567411660000,-5.93418356530999440000,-5.47274439186755220000,-5.02343353830279420000,-4.58624758608413790000,-4.16089652850061140000,-3.74683456873686230000,-3.34328854275524990000,-2.94928420639072360000,-2.56367060368113760000,-2.18514271777642040000,-1.81226259572045830000,-1.44347913331369120000,-1.07714670582852870000,-0.71154283455193734000,-0.34488508820522279000,0.02465256734353674100,0.39892373749378907000,0.77979362542169839000,1.16912282360730590000,1.56875053773131780000,1.98047686487466070000,2.40604369824310020000,2.84711377933259870000,3.30524736961364820000,3.78187597300656500000,4.27827251466264170000,4.79551737904457550000,5.33445973976949350000,5.89567368351966170000,6.47940874727628110000
37.75818547098279500000,28.91871946941564900000,21.38011069717082100000,14.98018856709695300000,9.57220818170595140000,5.02508769423668070000,1.22291503944380200000,-1.93600287496154720000,-4.54035015400166840000,-6.66712854522423900000,-8.38300082182147580000,-9.74558385100655220000,-10.80464939052171400000,-11.60320951596869700000,-12.17847732638882600000,-12.56270316906827700000,-12.78389291815908500000,-12.86641858871764800000,-12.83153342151438300000,-12.69780408368461100000,-12.48147224113635900000,-12.19675681740154800000,-11.85610701909405100000,-11.47041486426276100000,-11.04919461995131500000,-10.60073531542738000000,-10.13223138925669400000,-9.64989556860785850000,-9.15905726856239610000,-8.66424912847388740000,-8.16928375687340850000,-7.67732231912294340000,-7.19093625587261090000,-6.71216314935286370000,-6.24255754433183530000,-5.78323736888414160000,-5.33492647664329840000,-4.89799373849804810000,-4.47248904094339840000,-4.05817649511983360000,-3.65456512075771030000,-3.26093723954531670000,-2.87637479040817510000,-2.49978376302016910000,-2.12991693429617970000,-1.76539508482610420000,-1.40472686777927500000,-1.04632750166556530000,-0.68853646073293340000,-0.32963434324518787000,0.03214089080273509200,0.39857810385440562000,0.77147735420888619000,1.15263419429400260000,1.54382358920120640000,1.94678310216193220000,2.36319493726386250000,2.79466636786471060000,3.24270801577829280000,3.70870938733163680000,4.19391102593523260000,4.69937261698266880000,5.22593639123361080000,5.77418522921505420000,6.34439498224427290000
36.00029681472992100000,27.69179116476716000000,20.59055860586651600000,14.54729721020537000000,9.42665714761955980000,5.10767666765831320000,1.48343010101505880000,-1.53981843159578720000,-4.04374214484300510000,-6.09920664326432770000,-7.76754647018365500000,-9.10179247420052560000,-10.14780654111582300000,-10.94530050374695700000,-11.52873061497053600000,-11.92806895083207600000,-12.16945947999992600000,-12.27577015774068200000,-12.26705402009744000000,-12.16093248363243600000,-11.97291338956010000000,-11.71665514382668900000,-11.40418687022718400000,-11.04609300060250600000,-10.65166929577991800000,-10.22905599352601800000,-9.78535264906913580000,-9.32671827851740080000,-8.85845962879931830000,-8.38510976365936140000,-7.91049865362780480000,-7.43781706760699460000,-6.96967476457394050000,-6.50815375771698170000,-6.05485725443346380000,-5.61095475093955100000,-5.17722366915128870000,-4.75408785752972560000,-4.34165323013785280000,-3.93974078416210730000,-3.54791721177264120000,-3.16552330458619750000,-2.79170033608214220000,-2.42541459765056460000,-2.06548025656353480000,-1.71058069851502310000,-1.35928851329802370000,-1.01008427984861850000,-0.66137430679106068000,-0.31150748760421737000,0.04120856323946861500,0.39849191388149136000,0.76207105885200366000,1.13366977402389570000,1.51499181365654410000,1.90770512855957250000,2.31342522061500320000,2.73369717456197050000,3.16997582655079490000,3.62360344667032970000,4.09578423867863960000,4.58755490688592540000,5.09975052255779460000,5.63296495679210540000,6.18750524953213250000
34.05738743812398200000,26.33792310686951100000,19.72069228220765100000,14.07091696850456600000,9.26620573057456020000,5.19714234717580940000,1.76705250527634280000,-1.10874480698664920000,-3.50397798610962270000,-5.48259606489682750000,-7.09996424347285960000,-8.40400935717123150000,-9.43627173527237770000,-10.23284116461343300000,-10.82516975338017900000,-11.24076460627323100000,-11.50376946781993900000,-11.63544783448903500000,-11.65458130594764300000,-11.57779681976651500000,-11.41983542431751200000,-11.19377378955730300000,-10.91120801717487200000,-10.58240767804439200000,-10.21644649069163400000,-9.82131472027111840000,-9.40401724656021540000,-8.97066032045632330000,-8.52652928562508270000,-8.07615896207834890000,-7.62339794575461480000,-7.17146774729658980000,-6.72301745106005470000,-6.28017440190832230000,-5.84459130582658930000,-5.41749004730301920000,-4.99970247110657430000,-4.59170834033474320000,-4.19367066021524870000,-3.80546854354660180000,-3.42672778553519030000,-3.05684931077850260000,-2.69503565163515720000,-2.34031561415006540000,-1.99156728444137390000,-1.64753952474005440000,-1.30687210416557180000,-0.96811460520921078000,-0.62974424351570835000,-0.29018273702327840000,0.05218763761829203800,0.39900865620735793000,0.75193126561617629000,1.11260102438908850000,1.48264364128669700000,1.86365033364292910000,2.25716265617056730000,2.66465636255681120000,3.08752375939217850000,3.52705390065668830000,3.98440986135363500000,4.46060223578494150000,4.95645794864167490000,5.47258346793633700000,6.00932159098919790000
31.94985598025917300000,24.87132920578427800000,18.77954010300074800000,13.55577896083265800000,9.09207662383495400000,5.29189739939723050000,2.06999995395427440000,-0.64822177638186895000,-2.92769004006307830000,-4.82472481986554860000,-6.38814415363083480000,-7.66031129580465550000,-8.67808660744998940000,-9.47366388506296000000,-10.07528607704278100000,-10.50784530094816200000,-10.79337796835666000000,-10.95146871559305500000,-10.99957763498853100000,-10.95330473701917400000,-10.82660421412972700000,-10.63195933506956900000,-10.38052695768116600000,-10.08225888862645400000,-9.74600574292970910000,-9.37960761128112530000,-8.98997473840365660000,-8.58316053811396350000,-8.16442859420011050000,-7.73831478984840610000,-7.30868534048912370000,-6.87879124624671330000,-6.45131950499514150000,-6.02844131384398810000,-5.61185741836702600000,-5.20284073145106610000,-4.80227632695090100000,-4.41069890972169180000,-4.02832786752800590000,-3.65510001790685600000,-3.29070017163390590000,-2.93458964225510990000,-2.58603283710108300000,-2.24412206866810890000,-1.90780072594644180000,-1.57588494320552350000,-1.24708389917494600000,-0.92001887304846264000,-0.59324117619475480000,-0.26524907122540431000,0.06549621498316368600,0.40055527811228114000,0.74149600947814709000,1.08987962287685520000,1.44724706817464720000,1.81510561029859470000,2.19491527466662760000,2.58807475726281490000,2.99590627040555990000,3.41963864889097740000,3.86038788635462730000,4.31913412575486970000,4.79669401506028240000,5.29368728948283620000,5.81049648781342750000
29.69966956937729200000,23.30729152709957600000,17.77678884146821400000,13.00694655843457400000,8.90557367329101090000,5.39025047540401390000,2.38825776179639740000,-0.16400197622733681000,-2.32186461242707540000,-4.13338452915161090000,-5.64032539869545420000,-6.87909230457040800000,-7.88156619348898070000,-8.67582357472046970000,-9.28673938918213790000,-9.73648045727867030000,-10.04490219432231300000,-10.22986352260631400000,-10.30747509258835500000,-10.29229483495992000000,-10.19748308990509100000,-10.03492751696713200000,-9.81534595375623200000,-9.54837352877172660000,-9.24263872647202160000,-8.90583177944728280000,-8.54476771585533610000,-8.16544559273997810000,-7.77310486059392860000,-7.37227939233211150000,-6.96684943344422880000,-6.56009155652164290000,-6.15472660487168270000,-5.75296556415784630000,-5.35655329049413980000,-4.96681003502270530000,-4.58467072911119280000,-4.21072202413944830000,-3.84523711079249830000,-3.48820837183772350000,-3.13937794769270440000,-2.79826631463993620000,-2.46419899080178160000,-2.13633149478796060000,-1.81367268633441550000,-1.49510661751085870000,-1.17941301760962560000,-0.86528652529883443000,-0.55135476901993563000,-0.23619538239622223000,0.08164797230556508600,0.40365050994709906000,0.73129209788930627000,1.06604383230042000000,1.40935531984959320000,1.76264251818145650000,2.12727590721480110000,2.50456864683659220000,2.89576422309555510000,3.30202289765274060000,3.72440606435558590000,4.16385740190247060000,4.62117952245933680000,5.09700469220031850000,5.59175818697812320000
27.33021791311831800000,21.66205720977991000000,16.72271302561086900000,12.42976959494195200000,8.70805584626598870000,5.49039682730509430000,2.71758439286347950000,0.33786863075367490000,-1.69380901255192070000,-3.41668469121143440000,-4.86503866717295710000,-6.06899509241647550000,-7.05522099979835990000,-7.84751196687851760000,-8.46726624685852690000,-8.93385779228924190000,-9.26492296045913480000,-9.47657705300215620000,-9.58357625979796520000,-9.59943886978000190000,-9.53653737893768040000,-9.40617077715760890000,-9.21862408508657440000,-8.98322027853688710000,-8.70836813819579980000,-8.40160830043674170000,-8.06965883327844400000,-7.71846097658678420000,-7.35322521876328670000,-6.97847758598346960000,-6.59810585202374080000,-6.21540530089042420000,-5.83312366178630540000,-5.45350486385605040000,-5.07833130975733130000,-4.70896443024321790000,-4.34638334820344150000,-3.99122154446766240000,-3.64380147571682840000,-3.30416714517926290000,-2.97211466852116990000,-2.64722091023550380000,-2.32887029002047980000,-2.01627987444178470000,-1.70852287699712570000,-1.40455068999712830000,-1.10321356495651760000,-0.80328004511363227000,-0.50345523521001900000,-0.20239797119512065000,0.10126307176364807000,0.40891431751024865000,0.72194327500689437000,1.04172557923404700000,1.36961307970697370000,1.70692292707739890000,2.05492752812202630000,2.41484511254060540000,2.78783047520115930000,3.17496522411886420000,3.57724658580505570000,3.99557351630463090000,4.43072857381271050000,4.88335377814698730000,5.35391857676959230000
24.86617679082571200000,19.95274095819147000000,15.62810564949679600000,11.82983594848096600000,8.50090533840625360000,5.59040087817493260000,3.05350790372816140000,0.85106120047329581000,-1.05112685719152020000,-2.68301376214618340000,-4.07105350339026460000,-5.23884574664345240000,-6.20768049506577400000,-6.99697173174689360000,-7.62458668052080490000,-8.10708465386318090000,-8.45988255278449590000,-8.69736431818098590000,-8.83295012274058420000,-8.87913868151879800000,-8.84753334055758780000,-8.74885995843715490000,-8.59298224399904600000,-8.38891825539548460000,-8.14486022312064150000,-7.86819870690288250000,-7.56555128217375560000,-7.24279541541208700000,-6.90510486816490850000,-6.55698881176319940000,-6.20233279172762410000,-5.84444071462739780000,-5.48607711131078980000,-5.12950903711608320000,-4.77654708633673230000,-4.42858511430553660000,-4.08663836926569160000,-3.75137983381616810000,-3.42317466024167950000,-3.10211265486962610000,-2.78803882395580120000,-2.48058203814190080000,-2.17918190507854210000,-1.88311396119390720000,-1.59151330454056070000,-1.30339679177733410000,-1.01768391415885560000,-0.73321645045032668000,-0.44877696969282116000,-0.16310622490047111000,0.12508055794748743000,0.41707852966773462000,0.71417927568964412000,1.01765817636749430000,1.32876316985020450000,1.64870499182118380000,1.97864889549098160000,2.31970772468616730000,2.67293601011768890000,3.03932447686021590000,3.41979399312802990000,3.81518757604037930000,4.22625863977498460000,4.65365328958263550000,5.09788421743727670000
22.33338389171673600000,18.19723432393912400000,14.50420997093647600000,11.21291917442301400000,8.28548795227437300000,5.68816882976213470000,3.39131173439564740000,1.36896443261752120000,-0.40170178686786234000,-1.94100645072383800000,-3.26732945065628670000,-4.39758979526289370000,-5.34761580642162040000,-6.13240794782092640000,-6.76630678609396160000,-7.26308408876973740000,-7.63597648855212620000,-7.89767997295018630000,-8.06032085719373010000,-8.13541571075050560000,-8.13382949375825960000,-8.06573825160399770000,-7.94060027764617260000,-7.76713773479357530000,-7.55332930411248780000,-7.30641344180920880000,-7.03290119756069120000,-6.73859719817144500000,-6.42862725838764690000,-6.10747108346233960000,-5.77899862565581480000,-5.44650881062536920000,-5.11276953108210730000,-4.78005799408658480000,-4.45020069155087760000,-4.12461243266714210000,-3.80433402759509850000,-3.49006834193907210000,-3.18221455118402300000,-2.88090051424324130000,-2.58601325704417920000,-2.29722761227127310000,-2.01403310155691930000,-1.73575917290207000000,-1.46159891994810080000,-1.19063141162051300000,-0.92184275105541857000,-0.65414596187735752000,-0.38639976814330840000,-0.11742629227567544000,0.15397235547323379000,0.42899867926560314000,0.70884573285701991000,0.99468458055488751000,1.28765351100458370000,1.58884923263762650000,1.89932023012976180000,2.22006233885215740000,2.55201637732522000000,2.89606734886801580000,3.25304427705714930000,3.62371918926812240000,4.00880315138316500000,4.40893666323944270000,4.82467126327647480000
19.75873019363963600000,16.41412271515310600000,13.36265143548296000000,10.58491994319667400000,8.06310293046021090000,5.78140859030555450000,3.72600775152998320000,1.88467382552505370000,0.24631032177121898000,-1.19951628704629920000,-2.46296915984871050000,-3.55422717366937140000,-4.48365870380917380000,-5.26189377161174130000,-5.89981394660466570000,-6.40848243269890450000,-6.79903606559054730000,-7.08255808443643890000,-7.26994670081290280000,-7.37179047959667330000,-7.39825786190123400000,-7.35900505263305770000,-7.26310405176341330000,-7.11899081158943050000,-6.93443227665707430000,-6.71651030793319140000,-6.47162010332999490000,-6.20548060591831960000,-5.92315445627816750000,-5.62907522958673210000,-5.32707994990768170000,-5.02044515612853370000,-4.71192507993442430000,-4.40379076900083440000,-4.09786923800384880000,-3.79558195085392840000,-3.49798212799886430000,-3.20579053322653170000,-2.91942952700150250000,-2.63905528055558670000,-2.36458812949724970000,-2.09574111026643760000,-1.83204676966083250000,-1.57288236874669260000,-1.31749361905233480000,-1.06501709178391880000,-0.81450143015657983000,-0.56492747066639537000,-0.31522734092861610000,-0.06430254941591218000,0.18895898346451917000,0.44566708118377152000,0.70691486736958642000,0.97376602166485582000,1.24724410787965610000,1.52832439087335060000,1.81792854804325610000,2.11692258601085650000,2.42611805898800310000,2.74627631988462540000,3.07811499651485400000,3.42231517443961500000,3.77952692434316880000,4.15036992662560690000,4.53542516901388380000
17.17007045417737700000,14.62261064865216300000,12.21536773597328500000,9.95179769017047100000,7.83491806862063100000,5.86757318639841150000,4.05229372014773940000,2.39096831945842460000,0.88448067558506005000,-0.46759209575010907000,-1.66717101064830310000,-2.71774286653486770000,-3.62431316471142040000,-4.39326637058411330000,-5.03216071066476190000,-5.54948453973373380000,-5.95439798259906630000,-6.25647871909680560000,-6.46548559347291450000,-6.59114890710950000000,-6.64299217363268380000,-6.63018691551107600000,-6.56143974708492910000,-6.44490942161116460000,-6.28815058309852400000,-6.09808051437562960000,-5.88096507878464970000,-5.64242020141245430000,-5.38742553637594130000,-5.12034735037396070000,-4.84496806944261230000,-4.56452035120029360000,-4.28172393675980700000,-3.99882389211177760000,-3.71762916203262960000,-3.43955062892800090000,-3.16563809595196900000,-2.89661580146531250000,-2.63291622450726100000,-2.37471206280100990000,-2.12194636006684420000,-1.87436083179818880000,-1.63152249125678050000,-1.39284871262012340000,-1.15763088753636810000,-0.92505683557729312000,-0.69423211823099706000,-0.46420037946845244000,-0.23396279238677359000,-0.00249662963865097260,0.23122710568842103000,0.46822715222251887000,0.70949684575652849000,0.95599076540388017000,1.20861370327941460000,1.46821259422019650000,1.73557209422787070000,2.01141445639720520000,2.29640417111521170000,2.59115745903558100000,2.89625608302031390000,3.21226405515956740000,3.53974468098470400000,3.87927410219281340000,4.23144626104898690000
14.59615687552141800000,12.84245505483842300000,11.07453343973035900000,9.31948690033809690000,7.60188400419874900000,5.94378229635104120000,4.36449144104161580000,2.88027256276725430000,1.50409864876716210000,0.24554358356032363000,-0.88917797456423342000,-1.89702907964882960000,-2.77785489184221830000,-3.53400831754749500000,-4.16993256581356600000,-4.69173205861952970000,-5.10675667018973640000,-5.42321723663545540000,-5.64984371171053560000,-5.79559179610068930000,-5.86939953779640880000,-5.87999227072801030000,-5.83573218723668320000,-5.74450763385058140000,-5.61365667754508290000,-5.44991942617991040000,-5.25941384565800800000,-5.04763027305370480000,-4.81944038552913150000,-4.57911698189116030000,-4.33036152147241360000,-4.07633691491181340000,-3.81970355723444930000,-3.56265702824742680000,-3.30696625763827030000,-3.05401126513211360000,-2.80481984473040400000,-2.56010277259501070000,-2.32028728701104110000,-2.08554872225309080000,-1.85584028168635950000,-1.63092101384130750000,-1.41038211236385710000,-1.19367169951951760000,-0.98011827513842809000,-0.76895301929168469000,-0.55933112729460965000,-0.35035232853351406000,-0.14108069390351657000,0.06943623252756572800,0.28214903667747443000,0.49798895401264942000,0.71785163792598194000,0.94258268496590703000,1.17296561527664940000,1.40971319151784360000,1.65346310516132270000,1.90477911456153310000,2.16415861561387900000,2.43204727962839050000,2.70886071756515400000,2.99501205765558390000,3.29094284168357070000,3.59715283946065960000,3.91422247771101080000
12.06660055179249700000,11.09390520981393600000,9.95247315338841430000,8.69378950706408920000,7.36461884661523230000,6.00671450363303980000,4.65646064787770970000,3.34460275678647890000,2.09615526958155880000,0.93051694145075348000,-0.13821836757486394000,-1.10079366091248950000,-1.95221307548444980000,-2.69110867095081430000,-3.31909398927773940000,-3.84013941226700380000,-4.25999430082259160000,-4.58567156020535900000,-4.82500243274547550000,-4.98626324985409220000,-5.07787153291323620000,-5.10814599894325920000,-5.08512341290861510000,-5.01642453894619940000,-4.90916141131636770000,-4.76987855044986730000,-4.60452141583545680000,-4.41842618589421750000,-4.21632579368836250000,-4.00236796521334350000,-3.78014176651498430000,-3.55270984660084690000,-3.32264415683459280000,-3.09206343405743040000,-2.86267115896470870000,-2.63579305101200450000,-2.41241344536070290000,-2.19321012537709640000,-1.97858736483202760000,-1.76870707524724490000,-1.56351806278510350000,-1.36278348149769980000,-1.16610663023679170000,-0.97295528242697427000,-0.78268476330182279000,-0.59455999887327227000,-0.40777675427851451000,-0.22148225426807444000,-0.03479533211601296100,0.15317381948268369000,0.34330432650265025000,0.53644591384961970000,0.73340114562401015000,0.93490921178298592000,1.14163211483040690000,1.35414439924378070000,1.57292784270329490000,1.79837273271392050000,2.03078739569911050000,2.27041740788323040000,2.51747525614872810000,2.77217999428635500000,3.03480456956524150000,3.30572601381689560000,3.58547084577900190000
9.61186577153997490000,9.39764566915705220000,8.86155329895996500000,8.08023049904401700000,7.12325048188858470000,6.05246021945659770000,4.92148247299444460000,3.77549395371872530000,2.65132052990429660000,1.57783029267212280000,0.57656730741446760000,-0.33744807667945420000,-1.15482742590501640000,-1.87089688079761940000,-2.48480624106328830000,-2.99870134786086420000,-3.41698274085567010000,-3.74566203199654040000,-3.99181861837261210000,-4.16315312845940970000,-4.26762999065136570000,-4.31319927426429660000,-4.30758703162303650000,-4.25814337014095120000,-4.17173808299509120000,-4.05469461787322590000,-3.91275428381152680000,-3.75106376040477320000,-3.57418009945916100000,-3.38608844718759050000,-3.19022863975543420000,-2.98952762715712960000,-2.78643536151495750000,-2.58296235391852540000,-2.38071757036332080000,-2.18094571516727860000,-1.98456325254149930000,-1.79219275615654940000,-1.60419536379041160000,-1.42070125926286160000,-1.24163821514360230000,-1.06675831394743300000,-0.89566302799545083000,-0.72782688266486717000,-0.56261995674712184000,-0.39932948794834766000,-0.23718085044687195000,-0.07535815235385393000,0.08697534054345376600,0.25065681874932944000,0.41650355254316507000,0.58529265219369653000,0.75774130584226040000,0.93448811710957091000,1.11607651653372410000,1.30294163571936880000,1.49540248156780110000,1.69366166873254720000,1.89781525492992210000,2.10787521448263430000,2.32380656509440620000,2.54557988534039700000,2.77323770895193180000,3.00696997592419100000,3.24718956289956480000
7.26330231158848780000,7.77473464195002430000,7.81403635183725950000,7.48385729116923140000,6.87719857332720610000,6.07632191891703770000,5.15210504447992350000,4.16390706966307980000,3.15991735389962520000,2.17790038029818510000,1.24622115301804800000,0.38503348416937766000,-0.39247204957225307000,-1.07884148320545490000,-1.67120940457714420000,-2.17026510848151320000,-2.57935096688118740000,-2.90369774591177830000,-3.14979238202048250000,-3.32486790123129030000,-3.43650196921435700000,-3.49230928246827780000,-3.49971304722700080000,-3.46578166324267480000,-3.39711807475857120000,-3.29979081408137630000,-3.17929737024879430000,-3.04055205573669870000,-2.88789195375790220000,-2.72509577594999140000,-2.55541153560949490000,-2.38158984959213750000,-2.20592043529637750000,-2.03026998473782920000,-1.85612009409706720000,-1.68460432259206480000,-1.51654376619560290000,-1.35248077494699940000,-1.19271063078217000000,-1.03731114730350930000,-0.88617026317547809000,-0.73901178449257032000,-0.59541949445774600000,-0.45485989535369736000,-0.31670388081853018000,-0.18024765693102951000,-0.04473323783097636600,0.09063116728242025200,0.22665058921626169000,0.36412232925842331000,0.50381445945969872000,0.64644382435493986000,0.79265380724806778000,0.94299244944457805000,1.09789194702433160000,1.25765110472197430000,1.42242298693921180000,1.59221072002638710000,1.76687505453944780000,1.94615769194400070000,2.12972421470938310000,2.31722933439472460000,2.50840465728403930000,2.70316493891812870000,2.90172288782661920000
5.05321983775118430000,6.24652319168069960000,6.82187139042318250000,6.90895370075690440000,6.62487108493544770000,6.07254449158696640000,5.33994297309650270000,4.50011519483041860000,3.61189748682964180000,2.72111626437970240000,1.86209452460386400000,1.05929436066398400000,0.32896384812424889000,-0.31930433332251240000,-0.88116021999924654000,-1.35625945160243620000,-1.74721068516168420000,-2.05870244786850830000,-2.29679565241338010000,-2.46836334449283610000,-2.58065745425711900000,-2.64098242463518580000,-2.65645685992310020000,-2.63384624864407480000,-2.57945199953456460000,-2.49904424818252440000,-2.39782799651228240000,-2.28043405585203060000,-2.15092793948187170000,-2.01283128439381720000,-1.86915158459192070000,-1.72241700985755110000,-1.57471388953194370000,-1.42772508686782480000,-1.28276800138500870000,-1.14083133789686820000,-1.00261009228728910000,-0.86853844372476252000,-0.73882042605813625000,-0.61345839034088545000,-0.49227937616036832000,-0.37495959003089513000,-0.26104725103171117000,-0.14998411193342387000,-0.04112600143106473500,0.06623723872987014000,0.17286202941002263000,0.27953114400771173000,0.38703322596070922000,0.49614138626234927000,0.60759061401163561000,0.72205387483666550000,0.84011700134046863000,0.96225282888553132000,1.08879553505832120000,1.21991683513537640000,1.35560658579979170000,1.49566143316444110000,1.63968631255520130000,1.78711464927298640000,1.93725363367311850000,2.08936036125414670000,2.24275218176654520000,2.39694952681115180000,2.55184137202985230000
3.01500497010476340000,4.83452798140990050000,5.89637867601182460000,6.35862508625116530000,6.36324079124682830000,6.03395462249422470000,5.47542293032817720000,4.77357177351401330000,3.99682848855660300000,3.19792923899055650000,2.41601983657153820000,1.67882779098567240000,1.00475005732149560000,0.40476001711896020000,-0.11591636097507985000,-0.55637192552000081000,-0.91883204883868430000,-1.20769216291205360000,-1.42875381133188300000,-1.58863140229537160000,-1.69430212077106910000,-1.75277336915965300000,-1.77084486609231110000,-1.75494561896758430000,-1.71102906753396010000,-1.64451257962760590000,-1.56025006515197220000,-1.46252872049231280000,-1.35508282093086740000,-1.24111906383716520000,-1.12334926281294640000,-1.00402723976350990000,-0.88498759570773666000,-0.76768469759480107000,-0.65323072958579265000,-0.54243205129295202000,-0.43582340638057337000,-0.33369975289878973000,-0.23614565844451782000,-0.14306233237833607000,-0.05419246491601480100,0.03085688221636041800,0.11259302979596159000,0.19161772746880004000,0.26860809842500960000,0.34429805132660840000,0.41945969583960585000,0.49488427197782886000,0.57136208890494955000,0.64966097532076772000,0.73050278651543776000,0.81453761612772135000,0.90231555751826664000,0.99425619678824328000,1.09061655591605770000,1.19145900843400490000,1.29662182713300170000,1.40569653088413650000,1.51801803817559540000,1.63267562152443820000,1.74855435329715060000,1.86441734876871120000,1.97903744838874630000,2.09138154572400080000,2.20084021886908850000
1.18327236851066670000,3.56020740329519160000,5.04775996182802800000,5.83419065181420300000,6.08725594329463690000,5.95148549619359460000,5.54747067788690900000,4.97276897740020910000,4.30390699104903170000,3.59899215292884960000,2.90054434584380830000,2.23827642793915340000,1.63165726095964290000,1.09217109734868620000,0.62524294215882648000,0.23183498129722019000,-0.09026041499395229300,-0.34539556561454110000,-0.53927136396982145000,-0.67833207150953623000,-0.76931594479049137000,-0.81893073034635955000,-0.83362750464685420000,-0.81945066984503112000,-0.78194589671762893000,-0.72611132029365566000,-0.65638030765064515000,-0.57662664538556607000,-0.49018507653898968000,-0.39988180562524572000,-0.30807094175557426000,-0.21667391784976792000,-0.12721975836942254000,-0.04088471285740717000,0.04146973431835034700,0.11926109433542242000,0.19215268079250777000,0.26002312121479204000,0.32293854710481273000,0.38112732211809042000,0.43495708210607364000,0.48491379434647197000,0.53158248904671390000,0.57562926847722151000,0.61778415354288840000,0.65882428124679571000,0.69955691788736396000,0.74080170253757038000,0.78337148690953295000,0.82805109908593422000,0.87557334451191748000,0.92659159280169678000,0.98164842239890504000,1.04114006560846860000,1.10527689741497980000,1.17404105366930510000,1.24714358113014190000,1.32398544832889260000,1.40362936684130620000,1.48479262146688320000,1.56587460432602300000,1.64503557031194410000,1.72034358332570570000,1.79000214591568190000,1.85265854362445340000
-0.40598041333527357000,2.44454932922323740000,4.28432452460962660000,5.33429059859098230000,5.78902773554422720000,5.81356462132026230000,5.54314325143754160000,5.08510452205234390000,4.52202181394717680000,3.91537136248873140000,3.30924616263016440000,2.73381573525279010000,2.20838051089742790000,1.74396719847241680000,1.34547055854821560000,1.01337901889626170000,0.74513608250728502000,0.53619338136697814000,0.38080914711345476000,0.27264074592532728000,0.20517355379254698000,0.17202187399758218000,0.16713139158292481000,0.18490709850409845000,0.22028581218158666000,0.26876835282242817000,0.32642309033421624000,0.38986984301422190000,0.45625092158541158000,0.52319437857445816000,0.58877316573255323000,0.65146285122222780000,0.71009974327836412000,0.76384065707250526000,0.81212510432962404000,0.85464034631557095000,0.89128950217977820000,0.92216272387964926000,0.94751131814973399000,0.96772460098992763000,0.98330919960927954000,0.99487046160614867000,1.00309558404888330000,1.00873803002017400000,1.01260275211802320000,1.01553168729788460000,1.01838892222885710000,1.02204485135805760000,1.02735856173587670000,1.03515758380946980000,1.04621405682340600000,1.06121629291936540000,1.08073472440600280000,1.10518134910841930000,1.13476215232473550000,1.16942273487504680000,1.20878872997362930000,1.25210481865207760000,1.29817954306423600000,1.34534786696873350000,1.39146942496042800000,1.43398681843483120000,1.47007309954966510000,1.49689688673580700000,1.51202159172055280000
-1.71529365859457080000,1.50730252389906650000,3.61125531805334980000,4.85358016137252070000,5.45673066146626250000,5.60535383578583610000,5.44722722520502420000,5.09679066622578250000,4.63990117925226110000,4.13886031359759170000,3.63715497881708050000,3.16363830000835480000,2.73605768829523080000,2.36393947634437400000,2.05089033258482400000,1.79639585866992670000,1.59719995293945490000,1.44834305810654330000,1.34392815969584570000,1.27767304604358810000,1.24329727930118410000,1.23478322208553460000,1.24654256862671400000,1.27351317486426320000,1.31120548992968940000,1.35571343281418730000,1.40370098780053800000,1.45237296782397780000,1.49943618524907270000,1.54305555906312100000,1.58180837719404590000,1.61463893951677110000,1.64081506259815770000,1.65988737557567050000,1.67165193288497570000,1.67611637806572620000,1.67346968527717710000,1.66405535917881920000,1.64834787200714960000,1.62693204528425040000,1.60048503176310700000,1.56976051220546540000,1.53557468416649860000,1.49879357990130700000,1.46032120220301360000,1.42108790516993630000,1.38203836656237630000,1.34411839492953140000,1.30825968443336340000,1.27536147195158470000,1.24626786816421140000,1.22173943993949760000,1.20241744570387570000,1.18877902866949750000,1.18108176374247530000,1.17929641725243690000,1.18302790759892470000,1.19142668203770600000,1.20309662644966120000,1.21601184896998270000,1.22746370617337420000,1.23407105647191910000,1.23189907327358440000,1.21674018013002620000,1.18460551709868690000
-2.70593240420316320000,0.76554379539075579000,3.02864110517391080000,4.38084696609239100000,5.07316295724209090000,5.30786145583013890000,5.24185459834087730000,4.99286039818298200000,4.64638916313910140000,4.26242700931234800000,3.88129907953886070000,3.52855374317841620000,3.21889427570501850000,2.95926599968092670000,2.75123241430808020000,2.59277191782898650000,2.47961293263579920000,2.40620759556338100000,2.36642653044310690000,2.35404124874428210000,2.36304700029149340000,2.38786746589237180000,2.42347336033768280000,2.46543952471539640000,2.50995914363391840000,2.55382905592584610000,2.59441649778454230000,2.62961482057866200000,2.65779359063306230000,2.67774686410602670000,2.68864222213794020000,2.68997225752761390000,2.68150955087500930000,2.66326570339708060000,2.63545465998927280000,2.59846032414224750000,2.55280830859035350000,2.49914156088390980000,2.43819953509602440000,2.37080053691594820000,2.29782683946531210000,2.22021214322131890000,2.13893092858740630000,2.05498921770590930000,1.96941621698001980000,1.88325624706896470000,1.79756027575820500000,1.71337624308294580000,1.63173719852293830000,1.55364604785717960000,1.48005542470690530000,1.41184085653093660000,1.34976499737104790000,1.29443028744151210000,1.24621706184629160000,1.20520404885597140000,1.17106870858254290000,1.14296654122137700000,1.11939224702416680000,1.09803273011220020000,1.07563393097339820000,1.04792156853473830000,1.00963967958567040000,0.95479597532592053000,0.87721761425667177000
-3.33878529445968560000,0.23101828709000038000,2.52836817626091290000,3.89637937556816820000,4.61397011821951610000,4.89701175067444880000,4.90623464438546010000,4.75734909692529760000,4.53090216197911650000,4.28082373738278750000,4.04139318499258590000,3.83271252956321320000,3.66490168435824740000,3.54125481513540490000,3.46057712907630540000,3.41888753957976020000,3.41063762001262520000,3.42956592458282920000,3.46928049653962400000,3.52364111442125650000,3.58699593284929290000,3.65431392212116620000,3.72124420811914320000,3.78412546257052720000,3.83996239774881420000,3.88638177744321830000,3.92157684571511390000,3.94424644107241920000,3.95353310447443460000,3.94896304655689480000,3.93038978877969570000,3.89794253853005480000,3.85197982505339280000,3.79304855410501230000,3.72184839054401450000,3.63920121631894530000,3.54602531108985630000,3.44331384492776450000,3.33211724260716920000,3.21352896585826460000,3.08867425490093690000,2.95870136658000060000,2.82477483730078880000,2.68807027883050020000,2.54977017763324820000,2.41106010650516960000,2.27312466195775410000,2.13714230074747300000,2.00427804972047600000,1.87567278659767540000,1.75242741368013480000,1.63557974779367000000,1.52607130691850950000,1.42470038003291610000,1.33205685403525040000,1.24843336015697260000,1.17370668815994230000,1.10718372077101800000,1.04740853169652890000,0.99193375665758832000,0.93707288644418207000,0.87767450470295694000,0.80699787778780496000,0.71682104507952193000,0.59796766554614889000
-3.57701657285108880000,-0.09475435683395505600,2.08934128977249590000,3.36850605374943960000,4.04568430707806300000,4.34287107877600590000,4.41665640379625660000,4.37374204391479890000,4.28410503103685690000,4.19136919581722540000,4.12066522335647270000,4.08445081042628910000,4.08675088985058820000,4.12620432423840810000,4.19822207276736140000,4.29649048406690070000,4.41399594990744500000,4.54370268760598520000,4.67898161018455290000,4.81386276692337050000,4.94316472491299310000,5.06253996162315810000,5.16846466116915510000,5.25819335528857220000,5.32969294865538590000,5.38156630869434500000,5.41297239912453510000,5.42354760430480990000,5.41333120877827150000,5.38269679718170480000,5.33229049828566030000,5.26297641851277480000,5.17578922343495140000,5.07189357691204990000,4.95254999670425630000,4.81908660282959470000,4.67287619862825570000,4.51531811816906090000,4.34782428524542300000,4.17180894973602360000,3.98868158958991610000,3.79984248544833790000,3.60668048482329340000,3.41057246862022460000,3.21288400865070890000,3.01497065309920130000,2.81817918761297200000,2.62384807891048500000,2.43330609626695440000,2.24786779718663880000,2.06882412038991030000,1.89742570310675520000,1.73485566854462100000,1.58218744146443770000,1.44032157821233730000,1.30989362093781160000,1.19114272194513650000,1.08372868531132460000,0.98648429233943269000,0.89709277779848107000,0.81169169581817058000,0.72443151972339326000,0.62706963180574615000,0.50876570080377237000,0.35636226228545737000
-3.39291921008792310000,-0.22929677032982920000,1.67058220995447070000,2.74959602635299970000,3.32404478293402180000,3.60938530044760330000,3.74694830018075200000,3.82574807252278240000,3.89879968396847420000,3.99487222515026020000,4.12679255913238660000,4.29723895887196680000,4.50273875729244290000,4.73639166131438220000,4.98969352680664000000,5.25372812328514010000,5.51991745249456050000,5.78046630463185540000,6.02859762079176950000,6.25864728997154000000,6.46606699135686650000,6.64736931421269000000,6.80003904561474040000,6.92242707964607100000,7.01363806667024910000,7.07341911160965160000,7.10205412940666920000,7.10026657113543450000,7.06913192413692750000,7.01000050169708010000,6.92443045295734640000,6.81413055445251990000,6.68091212684669600000,6.52664930734042590000,6.35324686590750340000,6.16261475748178530000,5.95664863486401690000,5.73721559588894260000,5.50614449430423300000,5.26522020037006120000,5.01618124951584840000,4.76072036151861690000,4.50048734489882740000,4.23709391751611530000,3.97211996959152550000,3.70712076256772870000,3.44363448623152020000,3.18318947248550810000,2.92731016500120410000,2.67752063691875140000,2.43534398514566150000,2.20229523800365050000,1.97986438886422090000,1.76948466452707450000,1.57247895437515870000,1.38997422094123690000,1.22276944915518260000,1.07113721530538890000,0.93453282977220853000,0.81118036259521442000,0.69750717358053549000,0.58741919105278573000,0.47146694169213565000,0.33606884043462837000,0.16314184258749231000
-2.78471685974751800000,-0.22420108975043851000,1.20268866682826480000,1.97278662481846250000,2.39356218731839430000,2.65508377537125910000,2.86949554230715000000,3.09833243021962760000,3.37091423495940570000,3.69659939637250460000,4.07288400227811480000,4.49070505063714180000,4.93786688072851820000,5.40120963304594960000,5.86793646896911270000,6.32638078589607830000,6.76640382540404060000,7.17955193319517800000,7.55906132254566470000,7.89976995303566380000,8.19797675327809650000,8.45127504930200680000,8.65837782038966710000,8.81894602117275640000,8.93342681746186780000,9.00290558711717100000,9.02897352055507160000,9.01361132595908640000,8.95908869512655670000,8.86787867024336760000,8.74258576524673540000,8.58588656355952650000,8.40048148427375810000,8.18905644430335760000,7.95425321876682470000,7.69864739804772480000,7.42473294545138970000,7.13491246596603720000,6.83149239893688250000,6.51668244189049690000,6.19259859683306770000,5.86126930215323320000,5.52464417086674860000,5.18460489691613890000,4.84297791202328300000,4.50154837066763310000,4.16207500145008600000,3.82630527573726290000,3.49599018755312760000,3.17289767830231200000,2.85882332255125910000,2.55559623202845820000,2.26507709994716370000,1.98914368445238840000,1.72965648637371010000,1.48839340539652000000,1.26693602459596800000,1.06648092262550390000,0.88753613879413606000,0.72944575713261539000,0.58966846325242817000,0.46273256743709024000,0.33883270491921164000,0.20217197113437149000,0.02939129582748202900
-1.81638284457033940000,-0.18688202123436320000,0.58173034810024293000,0.95264414453932589000,1.18968033124638200000,1.43492833922488530000,1.75653166090279060000,2.17865391810781790000,2.70031387581296300000,3.30711164237837800000,3.97842114847119090000,4.69171038190666060000,5.42505161856249350000,6.15849609127021400000,6.87474088804967560000,7.55936026743256130000,8.20077530526389080000,8.79007327550308660000,9.32074801033359530000,9.78840643478999440000,10.19046944180392900000,10.52588409465808900000,10.79485680893526100000,10.99861238376828600000,11.13918067745285600000,11.21921079399006900000,11.24181148751209500000,11.21041584479686600000,11.12866799752797300000,11.00032952618485300000,10.82920326493697700000,10.61907234632203500000,10.37365249861662200000,10.09655580304595900000,9.79126431641758190000,9.46111215747097130000,9.10927483634086950000,8.73876477287237920000,8.35243209968594870000,7.95296997951349740000,7.54292378361282270000,7.12470357937427770000,6.70059946073330970000,6.27279932431978350000,5.84340874604101050000,5.41447264400745620000,4.98799841874168240000,4.56598023060387440000,4.15042399055808530000,3.74337247559426260000,3.34692968689980800000,2.96328306707786650000,2.59472134563278980000,2.24364435425512230000,1.91255873681878330000,1.60404936268380100000,1.32070920655928560000,1.06499841066080390000,0.83898291615782394000,0.64387003077506555000,0.47920934257066161000,0.34157019543355022000,0.22248887960308913000,0.10564049693592294000,-0.03628384217402850400
-0.70682734000498160000,-0.29430031581477617000,-0.32044904983083011000,-0.40503172228960704000,-0.35618502756739789000,-0.09787950588146446300,0.38053130798572310000,1.05611262131061650000,1.89098920249529060000,2.84276506825116560000,3.87009951009144350000,4.93549963648262930000,6.00653139164245250000,7.05614246365448320000,8.06249860548937920000,9.00856768881369160000,9.88158885475158750000,10.67250692799785100000,11.37541795785002200000,11.98705093060805300000,12.50629800207183200000,12.93379789512640700000,13.27157251769688200000,13.52271422670707700000,13.69111977015468500000,13.78126632052993400000,13.79802487117885900000,13.74650641022893900000,13.63193658970121700000,13.45955499038109700000,13.23453549533379600000,12.96192469556827800000,12.64659564209359600000,12.29321461972283700000,11.90621894514523900000,11.48980408410653100000,11.04791864117938100000,10.58426600290752600000,10.10231161398703200000,9.60529503972250610000,9.09624611933033660000,8.57800464660338950000,8.05324312950230240000,7.52449228041733950000,6.99416897550375530000,6.46460649501117500000,5.93808691576743010000,5.41687556832117420000,4.90325748684416230000,4.39957575445975020000,3.90827155155923390000,3.43192549673533610000,2.97329943008988630000,2.53537693973077970000,2.12139931487834590000,1.73489051983911050000,1.37965882151714990000,1.05975104709684940000,0.77931242162392422000,0.54225944768606071000,0.35158559189933669000,0.20796366922489776000,0.10709556018261576000,0.03527397669249523300,-0.03553803596589184100
-0.00000000000000000000,-0.70682734000498160000,-1.59952714707389630000,-2.18442812695480580000,-2.31458217305299740000,-1.99455962085076430000,-1.28869881670352540000,-0.27958591140618005000,0.95021602828586593000,2.32579891687037230000,3.78263990932306360000,5.26705686948292580000,6.73562231432003950000,8.15413332612267890000,9.49643449005825600000,10.74324276609375600000,11.88104707694270700000,12.90111499075687700000,13.79861706204197300000,14.57186766651181700000,15.22167509195236000000,15.75079080566056100000,16.16344683363552900000,16.46497025194786100000,16.66146442583376000000,16.75954754775618100000,16.76614004864880800000,16.68829348510156100000,16.53305448225128800000,16.30735820829486500000,16.01794665967764800000,15.67130774429360200000,15.27363176759429900000,14.83078246065268900000,14.34828014870402100000,13.83129505259433300000,13.28464905275038500000,12.71282453399936900000,12.11997917733441600000,11.50996577830868400000,10.88635635720516600000,10.25246998891680600000,9.61140392553385150000,8.96606771656550450000,8.31922015489029580000,7.67350899520725700000,7.03151351021489290000,6.39579007223968080000,5.76892107862459550000,5.15356768105085910000,4.55252693271893530000,3.96879412702703820000,3.40563124539152450000,2.86664250144132150000,2.35585781784471320000,1.87782434448465300000,1.43770394992157270000,1.04136881078002590000,0.69547220131312726000,0.40743274008304786000,0.18516899218108746000,0.03615539780311224900,-0.03532034830347382400,-0.03553803596589184100,-0.00000000000000000000
